freq,regisveh,unit,vehicle,geo\TIME_PERIOD	1970 	1971 	1972 	1973 	1974 	1975 	1976 	1977 	1978 	1979 	1980 	1981 	1982 	1983 	1984 	1985 	1986 	1987 	1988 	1989 	1990 	1991 	1992 	1993 	1994 	1995 	1996 	1997 	1998 	1999 	2000 	2001 	2002 	2003 	2004 	2005 	2006 	2007 	2008 	2009 	2010 	2011 	2012 	2013 	2014 	2015 	2016 	2017 	2018 	2019 	2020 
A,D001,MIO_VKM,BUS_TOT,AT	: 	: 	: 	: 	: 	: 	: 	: 	: 	: 	: 	: 	: 	: 	: 	: 	: 	: 	: 	: 	396 	398 	404 	412 	411 	422 	431 	428 	435 	438 	450 	459 	479 	497 	496 	496 	490 	520 	507 	468 	509 	506 	506 	507 	520 	528 	544 	558 	: 	: 	: 
A,D001,MIO_VKM,BUS_TOT,BE	: 	: 	: 	: 	: 	: 	: 	: 	: 	: 	: 	: 	: 	: 	: 	: 	: 	: 	: 	: 	: 	: 	: 	: 	: 	: 	: 	: 	: 	: 	660 	670 	680 	720 r	750 	770 	800 	830 	820 	830 	770 	: 	: 	960 	650 	660 	: 	: 	: 	: 	: 
A,D001,MIO_VKM,BUS_TOT,BG	: 	: 	: 	: 	: 	: 	: 	: 	: 	: 	: 	: 	: 	: 	: 	: 	: 	: 	: 	: 	: 	: 	: 	: 	: 	: 	: 	: 	: 	: 	: 	: 	: 	: 	: 	: 	: 	: 	518.6 r	473.5 	494.9 	460.8 	506.5 	465.800 	440 	457 	486 	447 	524.100 	427.600 	320.200 
A,D001,MIO_VKM,BUS_TOT,CH	187 	195 	208 	218 	229 	199 	211 	219 	236 	238 	243 	270 	288 	295 	290 	292 	307 	321 	332 	349 	358 	215 r	218 	219 	328 r	331 r	326 r	325 r	323 r	323 r	328 r	329 r	331 r	342 r	348 r	362 r	377 r	375 r	369 r	381 r	389 r	400 	406 	415 	421 	431 	441 	445 	458 	470 	453 
A,D001,MIO_VKM,BUS_TOT,CY	: 	: 	: 	: 	: 	: 	: 	: 	: 	: 	: 	: 	: 	: 	: 	: 	: 	: 	: 	: 	: 	: 	: 	: 	: 	: 	: 	: 	: 	: 	: 	: 	: 	: 	: 	: 	: 	: 	138.3 	: 	: 	: 	: 	: 	: 	: 	: 	: 	: 	: 	: 
A,D001,MIO_VKM,BUS_TOT,CZ	: 	: 	: 	: 	: 	: 	: 	: 	: 	: 	: 	: 	: 	: 	: 	: 	: 	: 	: 	: 	: 	: 	: 	11658 	: 	598 	: 	: 	: 	716 	716.8 e	725.5 	765.3 	: 	: 	639 	: 	: 	: 	: 	472 	: 	: 	: 	: 	: 	: 	: 	: 	: 	: 
A,D001,MIO_VKM,BUS_TOT,DE	: 	: 	: 	: 	: 	: 	: 	: 	: 	: 	: 	: 	: 	: 	: 	: 	: 	: 	3183 	3249 	3277 	4023 	3891 	3806 	3737 	3739 	: 	: 	: 	: 	: 	: 	: 	: 	: 	: 	: 	: 	: 	: 	: 	: 	: 	: 	: 	: 	: 	: 	: 	: 	: 
A,D001,MIO_VKM,BUS_TOT,EE	: 	: 	: 	: 	: 	: 	: 	: 	: 	: 	: 	: 	: 	: 	: 	: 	: 	: 	: 	: 	: 	: 	: 	: 	: 	162.9 	: 	: 	168.6 	167.5 	168.8 	170.6 	176.05 	181.8 	196 	203 	212 	201 	: 	: 	: 	: 	: 	158.400 e	161 e	175 e	206.400 e	237.800 e	235.100 e	221.500 e	216.300 
A,D001,MIO_VKM,BUS_TOT,ES	: 	: 	: 	: 	: 	: 	: 	: 	: 	: 	: 	: 	: 	: 	: 	: 	: 	: 	: 	: 	: 	: 	: 	: 	: 	: 	: 	: 	: 	: 	: 	: 	: 	: 	: 	: 	: 	2374 	2505 	2237 	2194 	2372 	2308 	2250 	1715 	2023 	2028 	1292 	1344 	1369 	903 
A,D001,MIO_VKM,BUS_TOT,FI	: 	: 	: 	: 	: 	: 	: 	: 	: 	: 	: 	: 	: 	: 	: 	: 	: 	: 	: 	: 	680 	650 	640 	640 	630 	620 	620 	620 	600 	590 	590 	595 	595 	590 	585 	580 	580 	580 	580 	580 	580 	580 	: 	580 	580 	580 	635 b	630 	614 	601 	523 
A,D001,MIO_VKM,BUS_TOT,FR	: 	: 	: 	: 	: 	: 	: 	: 	: 	: 	: 	: 	: 	: 	: 	: 	: 	: 	: 	: 	: 	: 	: 	: 	: 	: 	: 	: 	: 	: 	: 	: 	: 	: 	: 	: 	: 	: 	: 	3322 	3398 	3477 	: 	3561 	3623 	3259 	3308 	3279 	3296 	3265 	2389 
A,D001,MIO_VKM,BUS_TOT,HR	: 	: 	: 	: 	: 	: 	: 	: 	: 	: 	: 	: 	: 	: 	: 	: 	: 	: 	: 	: 	: 	: 	: 	: 	: 	: 	: 	: 	: 	: 	: 	: 	: 	: 	: 	335 	343 	359 	306 	299 	310 	300 	300 	300 	290 	300 	305 	320 	320 	330 	210 
A,D001,MIO_VKM,BUS_TOT,HU	: 	: 	: 	: 	: 	: 	: 	: 	: 	: 	: 	: 	: 	: 	: 	: 	: 	: 	: 	: 	: 	: 	: 	: 	: 	: 	: 	: 	: 	: 	: 	: 	: 	: 	: 	: 	: 	: 	662.93 	663 	: 	: 	: 	663.300 	683 	668.790 	688.710 	718.540 e	730.730 e	734.530 e	632.930 
A,D001,MIO_VKM,BUS_TOT,IE	: 	: 	: 	: 	: 	: 	: 	: 	: 	: 	: 	: 	: 	: 	: 	: 	: 	: 	: 	: 	257 	: 	284 	299 	333 	355 	396 	: 	: 	: 	: 	400.4 	: 	: 	: 	: 	: 	: 	: 	: 	: 	: 	: 	1172 	1157 	1167 	1194 	1219 	386 	392 	271 
A,D001,MIO_VKM,BUS_TOT,IS	: 	: 	: 	: 	: 	: 	: 	: 	: 	: 	: 	: 	: 	: 	: 	: 	: 	: 	: 	: 	: 	: 	: 	: 	: 	: 	: 	67 	71 	77 	61 r	69 r	71 r	73 r	76 e	81 e	: 	: 	: 	: 	: 	: 	: 	: 	: 	: 	: 	: 	: 	: 	: 
A,D001,MIO_VKM,BUS_TOT,LI	: 	: 	: 	: 	: 	: 	: 	: 	: 	: 	: 	: 	: 	: 	: 	: 	: 	: 	: 	: 	: 	: 	: 	: 	: 	: 	: 	: 	: 	: 	: 	: z	: z	: z	: z	: 	: z	: z	: z	: 	: 	: 	: 	: 	: 	: 	: 	: 	: 	: 	: 
A,D001,MIO_VKM,BUS_TOT,LT	: 	: 	: 	: 	: 	: 	: 	: 	: 	: 	: 	: 	: 	: 	: 	: 	: 	: 	: 	: 	: 	: 	: 	: 	: 	193 	: 	: 	: 	: 	160 	164 	167 	: 	85.9 	109.6 	118.1 	138.6 	518.3 	87.4 r	444 r	456 	: 	848 	917 	1123 	1137 	1149 	1184 	1344 	1123 
A,D001,MIO_VKM,BUS_TOT,LU	: 	: 	: 	: 	: 	: 	: 	: 	: 	: 	: 	: 	: 	: 	: 	: 	: 	: 	: 	: 	: 	: 	: 	: 	: 	: 	: 	: 	26 	28 	28 	31 	: 	: 	: 	: 	: 	: 	: 	: 	: 	: 	: 	: 	: 	: 	: 	: 	: 	: 	: 
A,D001,MIO_VKM,BUS_TOT,LV	: 	: 	: 	: 	: 	: 	: 	: 	: 	: 	: 	: 	: 	: 	: 	: 	: 	: 	: 	: 	: 	: 	: 	: 	: 	: 	: 	: 	: 	: 	271 	: 	: 	: 	: 	: 	: 	: 	: 	: 	: 	: 	: 	: 	: 	: 	: 	: 	: 	: 	: 
A,D001,MIO_VKM,BUS_TOT,ME	: 	: 	: 	: 	: 	: 	: 	: 	: 	: 	: 	: 	: 	: 	: 	: 	: 	: 	: 	: 	: 	: 	: 	: 	: 	: 	: 	: 	: 	: 	: 	: 	: 	: 	: 	: 	: 	: 	: 	: 	: 	: 	: 	: 	: 	: 	85.360 e	90 e	: 	: 	: 
A,D001,MIO_VKM,BUS_TOT,MK	: 	: 	: 	: 	: 	: 	: 	: 	: 	: 	: 	: 	: 	: 	: 	: 	: 	: 	: 	: 	: 	: 	: 	: 	: 	45 	: 	: 	: 	: 	35 	37 	38 	40 	: 	37 	34 	36 	36 	34 	40 	45 	: 	100 	114.498 	106 	86 	92 	115 	123.750 	47.922 
A,D001,MIO_VKM,BUS_TOT,NL	: 	: 	: 	: 	: 	: 	: 	: 	: 	: 	: 	: 	: 	: 	: 	: 	: 	: 	: 	: 	: 	: 	620 	621 	622 	644 	646 	: 	: 	: 	: 	: 	: 	: 	: 	: 	: 	: 	: 	: 	: 	: 	: 	642 	624 	623 	611 	655 	667 	641 	508 
A,D001,MIO_VKM,BUS_TOT,NO	: 	: 	: 	: 	: 	: 	: 	: 	: 	: 	: 	: 	: 	: 	: 	: 	: 	: 	: 	: 	: 	: 	: 	: 	: 	: 	: 	: 	: 	: 	: 	: 	: 	: 	: 	: 	: 	: 	: 	: 	623 e	: 	: 	583 e	572 e	566 e	568 e	573 e	580 	583 e	551 
A,D001,MIO_VKM,BUS_TOT,PL	: 	: 	: 	: 	: 	: 	: 	: 	: 	: 	: 	: 	: 	: 	: 	: 	: 	: 	: 	: 	: 	: 	: 	: 	: 	2037 	: 	: 	: 	1953 	1923 	1965 	1993 	: 	: 	: 	: 	: 	2703 	2254 	2174 	2151 	: 	2011 	1914 e	1851 e	: 	: 	: 	: 	: 
A,D001,MIO_VKM,BUS_TOT,RO	: 	: 	: 	: 	: 	: 	: 	: 	: 	: 	: 	: 	: 	: 	: 	: 	: 	: 	: 	: 	: 	: 	: 	: 	: 	: 	: 	: 	: 	: 	: 	: 	: 	: 	: 	: 	: 	: 	: 	: 	: 	1757 	1827 	2271 	2538 	2861 	2994 	3138 	3295 	3467 	3655 
A,D001,MIO_VKM,BUS_TOT,SE	846 	852 	886 	967 	878 	809 	769 	749 	742 	736 	732 	736 	747 	754 	753 	774 	786 	834 	899 	1000 	966 b	968 	970 	942 	953 	970 	982 	982 	978 	976 	945 	919 	927 	913 	890 	876 	872 	876 	852 	852 	856 	: 	: 	970 	969 	983 	986 	998 	998 	1006 	899.951 
A,D001,MIO_VKM,BUS_TOT,SI	: 	: 	: 	: 	: 	: 	: 	: 	: 	: 	: 	: 	: 	: 	: 	: 	: 	: 	: 	: 	249 r	213 	160 r	149 r	156 r	158 r	165 r	169 r	149 r	160 r	135 r	131 r	130 r	157 r	147 	139 	140 	147 	143 	146 	145 	: 	: 	: 	: 	131 p	133 	136 	138 p	: 	80 p
A,D001,MIO_VKM,BUS_TOT,SK	: 	: 	: 	: 	: 	: 	: 	: 	: 	: 	: 	: 	: 	: 	: 	: 	: 	: 	: 	: 	: 	: 	: 	: 	: 	: 	: 	: 	: 	: 	359 	: 	: 	: 	: 	: 	: 	: 	: 	: 	: 	: 	: 	: 	: 	: 	: 	: 	: 	: 	: 
A,D001,MIO_VKM,BUS_TOT,TR	: 	: 	: 	: 	: 	: 	: 	: 	: 	: 	: 	: 	: 	: 	: 	: 	: 	: 	: 	: 	: 	: 	: 	: 	: 	2520 	: 	: 	3164 	3147 	3066 	2855 	2838 	2820 r	3332 	3441 	3388 	3499 	3449 	2305 	3740 	3888 	4110 	4168 	4072 	4208 	4129 	: 	: 	: 	: 
A,D001,MIO_VKM,BUS_TOT,UK	3570 	3550 	3550 	3460 	3280 	3230 	3320 	3220 	3300 	3330 	3520 	3500 	3520 	3700 	3860 	3660 	3690 	4080 	4310 	4529 	4575 	4782 	4600 b	4620 r	4629 r	4899 r	5012 r	5155 r	5248 r	5303 r	5158 r	5156 r	5205 r	5392 r	5229 	5232 	5438 	5594 	5242 r	5152 	5176 	4661 	4381 	4508 	4510 	4304 	4017 	3880 	: 	3886 	2641 
A,D001,MIO_VKM,CAR,AT	: 	: 	: 	: 	: 	: 	: 	: 	: 	: 	: 	: 	: 	: 	: 	: 	: 	: 	: 	: 	44909 	46714 	48456 	49595 	51797 	52631 	53945 	55225 	56721 	53336 	54379 	55367 	56704 	57691 	58445 	59416 	59876 	61036 	62287 	61983 	62846 	63851 	63787 	64541 	66229 	67951 	69921 	71250 	: 	: 	: 
A,D001,MIO_VKM,CAR,BE	: 	: 	: 	: 	: 	: 	: 	: 	: 	: 	: 	: 	: 	: 	: 	: 	: 	: 	: 	: 	: 	: 	: 	: 	: 	: 	: 	: 	: 	: 	75750 	76980 	77990 	77240 r	78170 	74500 	75190 	76620 	78940 	77240 	78140 	: 	: 	80370 	78040 	78730 	: 	: 	: 	: 	: 
A,D001,MIO_VKM,CAR,BG	: 	: 	: 	: 	: 	: 	: 	: 	: 	: 	: 	: 	: 	: 	: 	: 	: 	: 	: 	: 	: 	: 	: 	: 	: 	: 	: 	: 	: 	: 	: 	: 	: 	: 	: 	: 	: 	: 	: 	: 	9834.3 	: 	: 	: 	: 	: 	: 	: 	: 	: 	: 
A,D001,MIO_VKM,CAR,CA	: 	: 	: 	: 	: 	: 	: 	: 	: 	: 	: 	: 	: 	: 	: 	: 	: 	: 	: 	: 	: 	: 	: 	: 	: 	: 	: 	: 	: 	: 	: 	: 	: 	: 	: 	: 	: 	: 	: 	303576 	: 	: 	: 	: 	: 	: 	: 	: 	: 	: 	: 
A,D001,MIO_VKM,CAR,CH	23387 	24481 	25597 	26321 	26568 	27744 	28153 	29899 	30718 	31286 	32071 	32394 	33993 	34905 	36457 	36468 	37816 	38805 	40319 	41649 	42649 	43744 	43177 r	42258 r	40939 r	41324 r	41683 r	42448 r	43443 r	44406 r	45613 r	46202 r	46837 r	47323 r	47856 r	48040 r	48331 r	48728 r	49467 r	48127 	50949 r	51575 	52582 	54695 	55641 	56620 	57737 	58735 	59344 	59833 	49003 
A,D001,MIO_VKM,CAR,CY	: 	: 	: 	: 	: 	: 	: 	: 	: 	: 	: 	: 	: 	: 	: 	: 	: 	: 	: 	: 	: 	: 	: 	: 	: 	: 	: 	: 	: 	: 	: 	: 	: 	: 	: 	: 	: 	: 	3926 	4785 	4815.8 	4885.1 	: 	: 	: 	: 	: 	: 	: 	: 	: 
A,D001,MIO_VKM,CAR,CZ	: 	: 	: 	: 	: 	: 	: 	: 	: 	: 	: 	: 	: 	: 	: 	: 	: 	: 	: 	: 	: 	: 	: 	27184 	: 	26110 	: 	: 	: 	31181 	31338 e	31733 e	33481 e	34718 e	35561 e	37175 	: 	: 	: 	: 	37389 	: 	: 	: 	: 	: 	: 	: 	: 	: 	: 
A,D001,MIO_VKM,CAR,DE	: 	: 	: 	: 	: 	: 	: 	: 	: 	: 	: 	: 	: 	: 	: 	: 	: 	: 	405747 	415427 	431488 	496410 	509958 	517823 	505705 	514414 	: 	: 	: 	: 	: 	: 	: 	: 	: 	: 	: c	: c	: c	595044.6 	: 	: 	: 	: 	: 	: 	: 	: 	: 	: 	: 
A,D001,MIO_VKM,CAR,EE	: 	: 	: 	: 	: 	: 	: 	: 	: 	: 	: 	: 	: 	: 	: 	: 	: 	: 	: 	: 	: 	: 	: 	: 	: 	3956.5 	: 	: 	4763.4 	5094.5 	5140.1 	5237.8 	5430.49 	5894.8 	6249 	6373 	6893 	7852 	7880 	: 	: 	: 	: 	7377.200 e	8211.900 e	8476 e	8670.200 e	8876.100 e	8924.100 e	9397.200 e	9263.300 
A,D001,MIO_VKM,CAR,ES	: 	: 	: 	: 	: 	: 	: 	: 	: 	: 	: 	: 	: 	: 	: 	: 	: 	: 	: 	: 	: 	: 	: 	: 	: 	: 	: 	: 	: 	: 	: 	: 	: 	: 	: 	: 	: 	220135 	218852 	218777 	212287 	207388 	198771 	195718 	197451 	204288 	210142 	214244 	219011 	220151 	158247 
A,D001,MIO_VKM,CAR,FI	: 	: 	: 	: 	: 	: 	: 	: 	: 	: 	: 	: 	: 	: 	: 	: 	: 	: 	: 	: 	33430 	33130 	36050 	35500 	35400 	35760 	36000 	36790 	38080 	39190 	39815 	40680 	41675 	42565 	43530 	44220 	44610 	45560 	40082 	45950 	46245 	46780 	: 	46510 	46800 	47355 	40719 b	40614 	40718 	40718 	39092 
A,D001,MIO_VKM,CAR,FR	: 	: 	: 	: 	: 	: 	: 	: 	: 	: 	: 	: 	: 	: 	: 	: 	: 	: 	: 	: 	: 	: 	: 	: 	: 	: 	: 	: 	: 	: 	: 	: 	: 	: 	: 	: 	: 	: 	: 	394855 	398065 	398849 	: 	523214 	528117 	540833 	554628 	560248 	560286 	573339 	: 
A,D001,MIO_VKM,CAR,HR	: 	: 	: 	: 	: 	: 	: 	: 	: 	: 	: 	: 	: 	: 	: 	: 	: 	: 	: 	: 	: 	: 	: 	: 	: 	: 	: 	: 	: 	: 	: 	: 	: 	: 	: 	17520 	18058 	19011 	19456 	18965 	18590 	18250 	17995 	18000 	18295 	18850 	19360 	19905 	20310 	20840 	16810 
A,D001,MIO_VKM,CAR,HU	: 	: 	: 	: 	: 	: 	: 	: 	: 	: 	: 	: 	: 	: 	: 	: 	: 	: 	: 	: 	: 	: 	: 	: 	: 	: 	: 	: 	: 	: 	: 	: 	: 	: 	: 	: 	: 	: 	27180 	26732 	: 	: 	: 	24379.280 	25435 	26707.200 	28333.490 	30245.270 e	31577.990 e	32935.960 e	28903.220 
A,D001,MIO_VKM,CAR,IE	: 	: 	: 	: 	: 	: 	: 	: 	: 	: 	: 	: 	: 	: 	: 	: 	: 	: 	: 	: 	19271 	: 	20540 	21558 	22894 	24826 	27312 	: 	: 	: 	: 	27505.1 	: 	: 	: 	29036 	30227 	31769 	32741 	: 	: 	: 	: 	32031 	32645 	35020 	36623 	37181 	36817 	36301 	26654 
A,D001,MIO_VKM,CAR,IS	: 	: 	: 	: 	: 	: 	: 	: 	: 	: 	: 	: 	: 	: 	: 	: 	: 	: 	: 	: 	: 	: 	: 	: 	: 	: 	: 	1779 	1885 	1991 	2017 r	2210 r	2272 r	2338 r	2414 e	2580 e	: 	: 	: 	: 	: 	: 	: 	: 	: 	: 	: 	: 	: 	: 	: 
A,D001,MIO_VKM,CAR,LI	: 	: 	: 	: 	: 	: 	: 	: 	: 	: 	: 	: 	: 	: 	: 	: 	: 	: 	: 	: 	: 	: 	: 	: 	: 	: 	: 	: 	: 	: 	: 	: z	: z	: z	: z	: 	: z	: z	: z	: 	: 	: 	: 	: 	: 	: 	: 	: 	: 	: 	: 
A,D001,MIO_VKM,CAR,LT	: 	: 	: 	: 	: 	: 	: 	: 	: 	: 	: 	: 	: 	: 	: 	: 	: 	: 	: 	: 	: 	: 	: 	: 	: 	: 	: 	: 	: 	: 	: 	: 	: 	: 	7050.8 	6752.6 	7205.9 	8382.5 	18995.3 	18027.7 	16284.4 	15932.5 	: 	7899 	8374 	8488 	8976 	9404 	9696 	10084 	9413 
A,D001,MIO_VKM,CAR,LV	: 	: 	: 	: 	: 	: 	: 	: 	: 	: 	: 	: 	: 	: 	: 	: 	: 	: 	: 	: 	: 	: 	: 	: 	: 	: 	: 	: 	: 	: 	5731 	: 	: 	: 	: 	7978.6 	9504.8 	11135.5 	9945.9 	8865.13 	8592 	8107.1 	: 	: 	: 	: 	: 	: 	: 	: 	: 
A,D001,MIO_VKM,CAR,ME	: 	: 	: 	: 	: 	: 	: 	: 	: 	: 	: 	: 	: 	: 	: 	: 	: 	: 	: 	: 	: 	: 	: 	: 	: 	: 	: 	: 	: 	: 	: 	: 	: 	: 	: 	: 	: 	: 	: 	: 	: 	: 	: 	: 	: 	: 	1927.020 e	2021 e	: 	: 	: 
A,D001,MIO_VKM,CAR,MK	: 	: 	: 	: 	: 	: 	: 	: 	: 	: 	: 	: 	: 	: 	: 	: 	: 	: 	: 	: 	: 	: 	: 	: 	: 	: 	: 	: 	: 	: 	: 	: 	: 	: 	: 	: 	: 	: 	: 	: 	: 	: 	: 	3121.182 	3343.041 	3455 	3544 	3777 	3725 	3834.400 	3862.764 e
A,D001,MIO_VKM,CAR,MT	: 	: 	: 	: 	: 	: 	: 	: 	: 	: 	: 	: 	: 	: 	: 	: 	: 	: 	: 	: 	: 	: 	: 	: 	: 	: 	: 	: 	: 	: 	: 	: 	: 	: 	: 	: 	: 	: 	: 	1334 e	: 	: 	: 	: 	: 	: 	: 	: 	: 	: 	: 
A,D001,MIO_VKM,CAR,NL	: 	: 	: 	: 	: 	: 	: 	: 	: 	: 	: 	: 	: 	: 	: 	: 	: 	: 	: 	: 	: 	: 	83325 	85336 	89094 	89973 	89661 	: 	: 	: 	: 	: 	: 	: 	: 	108235 	109995 	112334 	113837 	113704 	113237 	115688 	: 	103211 	103699 	105089 	107708 	108936 	110356 	110227 	92654 
A,D001,MIO_VKM,CAR,NO	: 	: 	: 	: 	: 	: 	: 	: 	: 	: 	: 	: 	: 	: 	: 	: 	: 	: 	: 	: 	: 	: 	: 	: 	: 	: 	: 	: 	: 	: 	: 	: 	: 	: 	: 	28708 	29880 	32247 	32714 	32305 e	32410 e	32702 	: 	33931 e	33841 e	34435 e	34848 e	35407 e	35989 e	35504 e	33873 
A,D001,MIO_VKM,CAR,PL	: 	: 	: 	: 	: 	: 	: 	: 	: 	: 	: 	: 	: 	: 	: 	: 	: 	: 	: 	: 	: 	: 	: 	: 	: 	: 	: 	: 	: 	: 	: 	: 	: 	: 	: 	: 	: 	: 	141503 	145977 	151486 	157586 e	: 	169719 	175476 e	180158 e	: 	: 	: 	: 	: 
A,D001,MIO_VKM,CAR,RO	: 	: 	: 	: 	: 	: 	: 	: 	: 	: 	: 	: 	: 	: 	: 	: 	: 	: 	: 	: 	: 	: 	: 	: 	: 	: 	: 	: 	: 	: 	: 	: 	: 	: 	: 	: 	: 	: 	: 	: 	: 	31935 	33430 	35763 	37727 	39798 	40948 	42133 	43354 	44613 	45911 
A,D001,MIO_VKM,CAR,SE	31021 	32867 	34723 	38470 	36819 	37681 	40782 	42819 	44002 	44886 	45192 	44845 	45313 	45977 	46372 	47790 	48074 	50852 	53280 	55628 	55808 b	56165 	56852 	55638 	56266 	56898 	57132 	57212 	57670 	58931 	59654 	60247 	61961 	62549 	62971 	62652 	63979 	66028 	67715 	63742 	63838 	: 	: 	63278 	64527 	65836 	67440 	68305 	68639 	67776 	62204.389 
A,D001,MIO_VKM,CAR,SI	: 	: 	: 	: 	: 	: 	: 	: 	: 	: 	: 	: 	: 	: 	: 	: 	: 	: 	: 	: 	7847 r	7434 	7902 r	8260 r	8978 r	9673 r	10546 r	11278 r	11271 r	11933 r	12094 r	12397 r	12732 r	13007 r	13441 	13725 	14036 	14851 	15170 	15717 	15633 	: 	: 	: 	: 	17986 p	17679 	18328 	18749 p	: 	17101 p
A,D001,MIO_VKM,CAR,TR	: 	: 	: 	: 	: 	: 	: 	: 	: 	: 	: 	: 	: 	: 	: 	: 	: 	: 	: 	: 	: 	: 	: 	: 	: 	21061 	: 	: 	30605 	30771 	36224 r	34047 	33204 	33802 	38403 	40490 	43188 	47124 	47502 	49615 	55116 	58739 	64926 	69333 	72862 	81578 	87276 	: 	: 	: 	: 
A,D001,MIO_VKM,CAR,UK	175348 	186386 	196852 	207333 	203603 	205120 	214625 	218573 	227571 	226542 	241070 	245635 	253340 	257281 	271560 	279043 	294393 	317346 	341604 	370952 	375796 	376882 	379153 b	379695 r	388361 r	395630 r	406117 r	414353 r	421395 r	429033 r	429115 r	436406 r	447902 r	450911 r	458861 	477660 	486036 	491348 	487134 r	400671 	392393 	387353 	386678 	386192 	394225 	398626 	404982 	409408 	: 	447769 	337240 
A,D001,MIO_VKM,LOR_RTRN,AT	: 	: 	: 	: 	: 	: 	: 	: 	: 	: 	: 	: 	: 	: 	: 	: 	: 	: 	: 	: 	2700 	2946 	3052 	3143 	3269 	3389 	3492 	3606 	3716 	8957 	9261 	9400 	9540 	9823 	10030 	10386 	10933 	11333 	11137 	10902 	11143 	11393 	11319 	11442 	11739 	11992 	12350 	12803 	: 	: 	: 
A,D001,MIO_VKM,LOR_RTRN,BE	: 	: 	: 	: 	: 	: 	: 	: 	: 	: 	: 	: 	: 	: 	: 	: 	: 	: 	: 	: 	: 	: 	: 	: 	: 	: 	: 	: 	: 	: 	13000 r	13190 r	13380 r	14050 r	14550 	18080 	19130 	20040 	18790 	18840 	18500 	: 	: 	19840 	18870 	19300 	: 	: 	: 	: 	: 
A,D001,MIO_VKM,LOR_RTRN,BG	: 	: 	: 	: 	: 	: 	: 	: 	: 	: 	: 	: 	: 	: 	: 	: 	: 	: 	: 	: 	: 	: 	: 	: 	: 	: 	: 	: 	: 	: 	: 	: 	: 	: 	: 	: 	: 	: 	1175.8 r	171.8 	176.7 	193.7 	973.2 	1056.200 	959.800 	975.300 	963.800 	1002.900 	902.500 	702.100 	877.300 
A,D001,MIO_VKM,LOR_RTRN,CH	2229 	2344 	2458 	2572 	2686 	2708 	2707 	2722 	2937 	3071 	3206 	3145 	3304 	3463 	3482 	3601 	3714 	3928 	4156 	4387 	4592 	4682 	4699 	4656 	4777 r	4853 r	4822 r	4859 r	4957 	5103 r	5251 r	5224 	5228 	5264 	5358 	5420 r	5533 	5667 	5746 	5723 	5871 	: 	6185 	6117 	6234 	6364 	6504 	6634 	6768 	6894 	7012 
A,D001,MIO_VKM,LOR_RTRN,CY	: 	: 	: 	: 	: 	: 	: 	: 	: 	: 	: 	: 	: 	: 	: 	: 	: 	: 	: 	: 	: 	: 	: 	: 	: 	: 	: 	: 	: 	: 	: 	: 	: 	: 	: 	: 	: 	: 	2275.9 	: 	: 	: 	: 	: 	: 	: 	: 	: 	: 	: 	: 
A,D001,MIO_VKM,LOR_RTRN,CZ	: 	: 	: 	: 	: 	: 	: 	: 	: 	: 	: 	: 	: 	: 	: 	: 	: 	: 	: 	: 	: 	: 	: 	5567 	: 	4297 	: 	: 	: 	8063 	8103.7 e	8201.3 	8650.9 	: 	10436 e	9063 	: 	: 	: 	: 	8128 	: 	: 	: 	: 	: 	: 	: 	: 	: 	: 
A,D001,MIO_VKM,LOR_RTRN,DE	: 	: 	: 	: 	: 	: 	: 	: 	: 	: 	: 	: 	: 	: 	: 	: 	: 	: 	37749 	37550 	40316 	53355 	57073 	58039 	62627 	65412 	: 	: 	: 	: 	: 	: 	: 	: 	: 	: 	13638.19 	13653.95 	13689.76 	12046.2 	11941.4 	: 	: 	: 	: 	: 	: 	: 	: 	: 	: 
A,D001,MIO_VKM,LOR_RTRN,EE	: 	: 	: 	: 	: 	: 	: 	: 	: 	: 	: 	: 	: 	: 	: 	: 	: 	: 	: 	: 	: 	: 	: 	: 	: 	1136.1 	: 	: 	1349.7 	1114.6 	1131.6 	1129.5 	1236.15 	1339.9 	1450 	1485 	1608 	1615 	: 	: 	: 	: 	: 	1576.200 e	1060.800 e	1281 e	1462.600 e	1643.300 e	1981.900 e	1993.700 e	1720.300 
A,D001,MIO_VKM,LOR_RTRN,ES	: 	: 	: 	: 	: 	: 	: 	: 	: 	: 	: 	: 	: 	: 	: 	: 	: 	: 	: 	: 	: 	: 	: 	: 	: 	: 	: 	: 	: 	: 	: 	: 	: 	: 	: 	: 	: 	32186 	28962 	26302 	24554 	23461 	21734 	20960 	21936 	22994 	23432 	25299 	26165 	26891 	34188 
A,D001,MIO_VKM,LOR_RTRN,FI	: 	: 	: 	: 	: 	: 	: 	: 	: 	: 	: 	: 	: 	: 	: 	: 	: 	: 	: 	: 	5640 	5390 	5660 	5690 	5700 	5790 	5900 	6120 	6120 	6230 	6305 	6375 r	6480 	6635 	6775 	6875 	6960 	7110 	7115 	6820 	6990 	7100 	: 	7080 	7200 	7210 	9007 b	8982 	9104 	9148 	8928 
A,D001,MIO_VKM,LOR_RTRN,FR	: 	: 	: 	: 	: 	: 	: 	: 	: 	: 	: 	: 	: 	: 	: 	: 	: 	: 	: 	: 	: 	: 	: 	: 	: 	: 	: 	: 	: 	: 	: 	: 	: 	: 	: 	: 	: 	: 	: 	114838 	118992 	122493 	: 	27121 	26723 	26471 	26471 	28117 	28332 	34897 	: 
A,D001,MIO_VKM,LOR_RTRN,HR	: 	: 	: 	: 	: 	: 	: 	: 	: 	: 	: 	: 	: 	: 	: 	: 	: 	: 	: 	: 	: 	: 	: 	: 	: 	: 	: 	: 	: 	: 	: 	: 	: 	: 	: 	1960 	1971 	2074 	1946 	1894 	1917 	1870 	1833 	1727 	1660 	1830 	2030 	2290 	2570 	2860 	2610 
A,D001,MIO_VKM,LOR_RTRN,HU	: 	: 	: 	: 	: 	: 	: 	: 	: 	: 	: 	: 	: 	: 	: 	: 	: 	: 	: 	: 	: 	: 	: 	: 	: 	: 	: 	: 	: 	: 	: 	: 	: 	: 	: 	: 	: 	: 	11450.8 	8258 	: 	: 	: 	9873.440 	10246 	10771.590 	10996.210 	11595.750 e	12006.130 e	12251.420 e	11020.770 
A,D001,MIO_VKM,LOR_RTRN,IE	: 	: 	: 	: 	: 	: 	: 	: 	: 	: 	: 	: 	: 	: 	: 	: 	: 	: 	: 	: 	4677 	: 	2034 	2039 	2244 	1956 	2031 	: 	: 	: 	: 	2406.6 	: 	: 	: 	: 	: 	: 	: 	: 	: 	: 	: 	6320 	8833 	8546 	8915 	9287 	7891 	8023 	7283 
A,D001,MIO_VKM,LOR_RTRN,IS	: 	: 	: 	: 	: 	: 	: 	: 	: 	: 	: 	: 	: 	: 	: 	: 	: 	: 	: 	: 	: 	: 	: 	: 	: 	: 	: 	118 	125 	132 	133 r	146 r	150 r	154 r	159 e	170 e	: 	: 	: 	: 	: 	: 	: 	: 	: 	: 	: 	: 	: 	: 	: 
A,D001,MIO_VKM,LOR_RTRN,LI	: 	: 	: 	: 	: 	: 	: 	: 	: 	: 	: 	: 	: 	: 	: 	: 	: 	: 	: 	: 	: 	: 	: 	: 	: 	: 	: 	: 	: 	: 	: 	: z	: z	: z	: z	: 	: z	: z	: z	: 	: 	: 	: 	: 	: 	: 	: 	: 	: 	: 	: 
A,D001,MIO_VKM,LOR_RTRN,LT	: 	: 	: 	: 	: 	: 	: 	: 	: 	: 	: 	: 	: 	: 	: 	: 	: 	: 	: 	: 	: 	: 	: 	: 	: 	2164 	: 	: 	: 	: 	736 	851 	1136 	: 	1447.4 	1650.1 	1322.9 	2063.9 	689.2 	271.7 	221.6 	216.7 	: 	1540 	1535 	1506 	1560 	1571 	1592 	1660 	1614 
A,D001,MIO_VKM,LOR_RTRN,LV	: 	: 	: 	: 	: 	: 	: 	: 	: 	: 	: 	: 	: 	: 	: 	: 	: 	: 	: 	: 	: 	: 	: 	: 	: 	: 	: 	: 	: 	: 	1576 	: 	: 	: 	: 	: 	: 	: 	: 	: 	: 	: 	: 	: 	: 	: 	: 	: 	: 	: 	: 
A,D001,MIO_VKM,LOR_RTRN,ME	: 	: 	: 	: 	: 	: 	: 	: 	: 	: 	: 	: 	: 	: 	: 	: 	: 	: 	: 	: 	: 	: 	: 	: 	: 	: 	: 	: 	: 	: 	: 	: 	: 	: 	: 	: 	: 	: 	: 	: 	: 	: 	: 	: 	: 	: 	364.820 e	395 e	: 	: 	: 
A,D001,MIO_VKM,LOR_RTRN,MK	: 	: 	: 	: 	: 	: 	: 	: 	: 	: 	: 	: 	: 	: 	: 	: 	: 	: 	: 	: 	: 	: 	: 	: 	: 	94 	: 	: 	: 	: 	: 	: 	: 	: 	: 	653 r	660 r	560 r	450 r	666 	720 	757 	: 	625 	855 	860 	904 	964 	960 	835 	837 
A,D001,MIO_VKM,LOR_RTRN,MT	: 	: 	: 	: 	: 	: 	: 	: 	: 	: 	: 	: 	: 	: 	: 	: 	: 	: 	: 	: 	: 	: 	: 	: 	: 	: 	: 	: 	: 	: 	: 	: 	: 	: 	: 	: 	: 	: 	: 	39.4 e	: 	: 	: 	: 	: 	: 	: 	: 	: 	: 	: 
A,D001,MIO_VKM,LOR_RTRN,NL	: 	: 	: 	: 	: 	: 	: 	: 	: 	: 	: 	: 	: 	: 	: 	: 	: 	: 	: 	: 	: 	: 	15970 	17123 	17206 	18184 	18973 	: 	: 	: 	: 	: 	: 	: 	: 	3363 	3287 	3280 	3269 	3110 	: 	2928 	: 	23381 	23359 	23904 	24937 	25569 	26271 	26590 	25978 
A,D001,MIO_VKM,LOR_RTRN,NO	: 	: 	: 	: 	: 	: 	: 	: 	: 	: 	: 	: 	: 	: 	: 	: 	: 	: 	: 	: 	: 	: 	: 	: 	: 	: 	: 	: 	: 	: 	: 	: 	: 	: 	: 	463 	503 	581 	606 	1392 e	1334 e	1362 	: 	9400 e	9325 e	9251 e	9207 e	9303 e	9431 	9474 e	9200 
A,D001,MIO_VKM,LOR_RTRN,PL	: 	: 	: 	: 	: 	: 	: 	: 	: 	: 	: 	: 	: 	: 	: 	: 	: 	: 	: 	: 	: 	: 	: 	: 	: 	26543 	: 	: 	: 	32333 	36436 	39679 	44190 	: 	: 	: 	: 	: 	4317 	4686 	10678 	11325 	: 	35346 	35505 e	35559 e	: 	: 	: 	: 	: 
A,D001,MIO_VKM,LOR_RTRN,RO	: 	: 	: 	: 	: 	: 	: 	: 	: 	: 	: 	: 	: 	: 	: 	: 	: 	: 	: 	: 	: 	: 	: 	: 	: 	: 	: 	: 	: 	: 	: 	: 	: 	: 	: 	: 	: 	: 	: 	: 	: 	8581 	8738 	8579 	8652 	8728 	8963 	9205 	9454 	9709 	9972 
A,D001,MIO_VKM,LOR_RTRN,SE	5011 	4948 	4930 	5183 	4722 	4647 	4969 	5208 	5322 	5411 	5415 	5367 	5448 	5555 	5633 	5845 	5970 	6492 	7124 	7965 	7243 b	7435 	7389 	7223 	7345 	7487 	7558 	7656 	7916 	8304 	8600 	8965 	9507 	9774 	10064 	10421 	10740 	11378 	11497 	11564 	11645 	: 	: 	12821 	13060 	13218 	13480 	13923 	14253 	14290 	13961.548 
A,D001,MIO_VKM,LOR_RTRN,SI	: 	: 	: 	: 	: 	: 	: 	: 	: 	: 	: 	: 	: 	: 	: 	: 	: 	: 	: 	: 	828 r	791 	690 r	629 r	663 r	510 r	759 r	803 r	792 r	844 r	945 r	949 r	1013 r	1274 r	1412 	1542 	1668 	1914 	1996 	1862 	1898 	: 	: 	: 	: 	2314 p	2575 	2650 	2765 p	: 	2832 p
A,D001,MIO_VKM,LOR_RTRN,SK	: 	: 	: 	: 	: 	: 	: 	: 	: 	: 	: 	: 	: 	: 	: 	: 	: 	: 	: 	: 	: 	: 	: 	: 	: 	: 	: 	: 	: 	: 	1220 	: 	: 	: 	: 	: 	: 	: 	1181.3 	: 	: 	: 	: 	: 	: 	: 	: 	: 	: 	: 	: 
A,D001,MIO_VKM,LOR_RTRN,TR	: 	: 	: 	: 	: 	: 	: 	: 	: 	: 	: 	: 	: 	: 	: 	: 	: 	: 	: 	: 	: 	: 	: 	: 	: 	11252 	: 	: 	16100 	15918 	16861 r	15729 	15622 	15722 r	16032 	17198 	18001 	18986 	18821 	20511 	21268 	22868 	24953 	25930 	26054 	27488 	28266 	: 	: 	: 	: 
A,D001,MIO_VKM,LOR_RTRN,UK	17562 	18096 	18427 	19333 	18647 	18339 	19172 	18831 	19497 	19609 	19669 	18887 	18378 	18807 	19557 	19594 	20139 	22333 	23758 	25462 	24902 	24513 	23837 b	24225 r	24775 r	25444 r	26235 r	26855 r	27739 r	28129 r	28240 r	28067 r	28327 r	28489 r	29361 	30095 	30225 	30464 	31145 r	26364 	26448 	92226 	91441 	93756 	98312 	102317 	106266 	108686 	: 	117321 	107583 
A,D001,MIO_VKM,MOTO,AT	: 	: 	: 	: 	: 	: 	: 	: 	: 	: 	: 	: 	: 	: 	: 	: 	: 	: 	: 	: 	1287 d	1244 	1243 	1243 	1263 	1302 	1338 	1379 	1443 	1502 	1528 	1552 	1580 	1609 	1625 	1667 	1715 	1775 	1840 	1897 	1942 	1986 	2040 	2081 	2116 	2151 	2198 	2243 	: 	: 	: 
A,D001,MIO_VKM,MOTO,BE	: 	: 	: 	: 	: 	: 	: 	: 	: 	: 	: 	: 	: 	: 	: 	: 	: 	: 	: 	: 	: 	: 	: 	: 	: 	: 	: 	: 	: 	: 	1020 	1030 	1050 	1060 r	1080 	1210 	1250 	1300 	1620 	1330 	1270 	: 	: 	1250 	1240 	1220 	: 	: 	: 	: 	: 
A,D001,MIO_VKM,MOTO,CH	2532 	2598 	2728 	2835 	2957 	2851 	2882 	2958 	3026 	3025 	3034 	3034 	2927 	2894 	2740 	2684 	2561 	2477 	2320 	2224 r	2025 r	1947 	1866 r	1792 r	1564 r	1563 r	1555 r	1599 r	1630 r	1670 r	1700 r	1734 r	1763 r	1811 r	1796 r	1785 r	1813 r	1821 r	1850 r	1847 r	1852 r	1894 	1933 	1904 	1920 	1937 	1976 	2008 	2046 	2068 	2152 
A,D001,MIO_VKM,MOTO,CY	: 	: 	: 	: 	: 	: 	: 	: 	: 	: 	: 	: 	: 	: 	: 	: 	: 	: 	: 	: 	: 	: 	: 	: 	: 	: 	: 	: 	: 	: 	: 	: 	: 	: 	: 	: 	: 	: 	213 	331 	340.9 	343.6 	: 	: 	: 	: 	: 	: 	: 	: 	: 
A,D001,MIO_VKM,MOTO,CZ	: 	: 	: 	: 	: 	: 	: 	: 	: 	: 	: 	: 	: 	: 	: 	: 	: 	: 	: 	: 	: 	: 	: 	615 	: 	265 	: 	: 	: 	330 	327 e	312 e	305 e	304 e	303 e	292 	: 	: 	: 	: 	392 	: 	: 	: 	: 	: 	: 	: 	: 	: 	: 
A,D001,MIO_VKM,MOTO,DE	: 	: 	: 	: 	: 	: 	: 	: 	: 	: 	: 	: 	: 	: 	: 	: 	: 	: 	5738 	5708 	5861 	8653 	7752 	7363 	9159 	8843 	: 	: 	: 	: 	: 	: 	: 	: 	: 	: 	13210 	10840 	11120 	11413.3 	: 	: 	: 	: 	: 	: 	: 	: 	: 	: 	: 
A,D001,MIO_VKM,MOTO,EE	: 	: 	: 	: 	: 	: 	: 	: 	: 	: 	: 	: 	: 	: 	: 	: 	: 	: 	: 	: 	: 	: 	: 	: 	: 	: 	: 	: 	: 	: 	: 	: 	: 	: 	: 	: 	: 	: 	: 	: 	: 	: 	: 	: 	37.900 e	44 e	48.100 e	54.100 e	56 e	46.600 e	51.400 
A,D001,MIO_VKM,MOTO,ES	: 	: 	: 	: 	: 	: 	: 	: 	: 	: 	: 	: 	: 	: 	: 	: 	: 	: 	: 	: 	: 	: 	: 	: 	: 	: 	: 	: 	: 	: 	: 	: 	: 	: 	: 	: 	: 	1965 	1430 	2055 	2096 	1457 	1472 	1449 	1587 	1535 	3750 	3826 	3683 	3643 	2350 
A,D001,MIO_VKM,MOTO,FI	: 	: 	: 	: 	: 	: 	: 	: 	: 	: 	: 	: 	: 	: 	: 	: 	: 	: 	: 	: 	800 	900 	900 	900 	900 	900 	900 	900 	900 	900 	900 	900 	900 e	900 e	900 e	900 e	900 e	900 	900 e	900 e	900 	900 	: 	1161 	1161 	1161 	1161 	1161 	1161 	1161 	1161 
A,D001,MIO_VKM,MOTO,FR	: 	: 	: 	: 	: 	: 	: 	: 	: 	: 	: 	: 	: 	: 	: 	: 	: 	: 	: 	: 	: 	: 	: 	: 	: 	: 	: 	: 	: 	: 	: 	: 	: 	: 	: 	: 	: 	: 	: 	13918 	13918 	13932 	: 	13932 	13932 	11133 	11210 	11273 	11340 	11340 	9583 
A,D001,MIO_VKM,MOTO,HR	: 	: 	: 	: 	: 	: 	: 	: 	: 	: 	: 	: 	: 	: 	: 	: 	: 	: 	: 	: 	: 	: 	: 	: 	: 	: 	: 	: 	: 	: 	: 	: 	: 	: 	: 	142 	148 	160 	153 	150 	154 	189 	189 	189 	195 	215 	225 	235 	240 	250 	220 
A,D001,MIO_VKM,MOTO,HU	: 	: 	: 	: 	: 	: 	: 	: 	: 	: 	: 	: 	: 	: 	: 	: 	: 	: 	: 	: 	: 	: 	: 	: 	: 	: 	: 	: 	: 	: 	: 	: 	: 	: 	: 	: 	: 	: 	454.7 	468 	: 	: 	: 	407.040 	407 	432.990 	432.920 	456.160 e	481.610 e	494.020 e	455.640 
A,D001,MIO_VKM,MOTO,IE	: 	: 	: 	: 	: 	: 	: 	: 	: 	: 	: 	: 	: 	: 	: 	: 	: 	: 	: 	: 	241 	: 	249 	237 	259 	278 	295 	: 	: 	: 	: 	266.4 	: 	: 	: 	: 	: 	: 	: 	: 	: 	: 	: 	103 	103 	102 	104 	108 	109 	114 	101 
A,D001,MIO_VKM,MOTO,IS	: 	: 	: 	: 	: 	: 	: 	: 	: 	: 	: 	: 	: 	: 	: 	: 	: 	: 	: 	: 	: 	: 	: 	: 	: 	: 	: 	0 	0 	0 	0 	0 	0 e	0 e	0 e	0 e	: 	: 	: 	: 	: 	: 	: 	: 	: 	: 	: 	: 	: 	: 	: 
A,D001,MIO_VKM,MOTO,LI	: 	: 	: 	: 	: 	: 	: 	: 	: 	: 	: 	: 	: 	: 	: 	: 	: 	: 	: 	: 	: 	: 	: 	: 	: 	: 	: 	: 	: 	: 	: 	: z	: z	: z	: z	: 	: z	: z	: z	: 	: 	: 	: 	: 	: 	: 	: 	: 	: 	: 	: 
A,D001,MIO_VKM,MOTO,LT	: 	: 	: 	: 	: 	: 	: 	: 	: 	: 	: 	: 	: 	: 	: 	: 	: 	: 	: 	: 	: 	: 	: 	: 	: 	: 	: 	: 	: 	: 	: 	: 	: 	: 	63 	61.6 	65.2 	74.3 	235.3 	137.8 	301.1 	237.6 	: 	57 	33 	17 	14 	12 	11 	11 	10 
A,D001,MIO_VKM,MOTO,LV	: 	: 	: 	: 	: 	: 	: 	: 	: 	: 	: 	: 	: 	: 	: 	: 	: 	: 	: 	: 	: 	: 	: 	: 	: 	: 	: 	: 	: 	: 	: 	: 	: 	: 	: 	: 	37.4 	47.2 	53.7 	58.16 	55.3 	: 	: 	: 	: 	: 	: 	: 	: 	: 	: 
A,D001,MIO_VKM,MOTO,ME	: 	: 	: 	: 	: 	: 	: 	: 	: 	: 	: 	: 	: 	: 	: 	: 	: 	: 	: 	: 	: 	: 	: 	: 	: 	: 	: 	: 	: 	: 	: 	: 	: 	: 	: 	: 	: 	: 	: 	: 	: 	: 	: 	: 	: 	: 	15.510 e	17 e	: 	: 	: 
A,D001,MIO_VKM,MOTO,MT	: 	: 	: 	: 	: 	: 	: 	: 	: 	: 	: 	: 	: 	: 	: 	: 	: 	: 	: 	: 	: 	: 	: 	: 	: 	: 	: 	: 	: 	: 	: 	: 	: 	: 	: 	: 	: 	: 	: 	0.16 e	: 	: 	: 	: 	: 	: 	: 	: 	: 	: 	: 
A,D001,MIO_VKM,MOTO,NL	: 	: 	: 	: 	: 	: 	: 	: 	: 	: 	: 	: 	: 	: 	: 	: 	: 	: 	: 	: 	: 	: 	1035 	1338 	1831 	1357 	1456 	: 	: 	: 	: 	: 	: 	: 	: 	: 	: 	: 	: 	: 	: 	: 	: 	2210 	2166 	2127 	2136 	2153 	2167 	2210 	2526 
A,D001,MIO_VKM,MOTO,NO	: 	: 	: 	: 	: 	: 	: 	: 	: 	: 	: 	: 	: 	: 	: 	: 	: 	: 	: 	: 	: 	: 	: 	: 	: 	: 	: 	: 	: 	: 	: 	: 	: 	: 	: 	: 	: 	: 	: 	690 e	720 e	745 	: 	1371 e	1402 e	1463 e	1484 e	1508 e	1506 e	1504 e	1504 
A,D001,MIO_VKM,MOTO,PL	: 	: 	: 	: 	: 	: 	: 	: 	: 	: 	: 	: 	: 	: 	: 	: 	: 	: 	: 	: 	: 	: 	: 	: 	: 	: 	: 	: 	: 	: 	: 	: 	: 	: 	: 	: 	: 	: 	1248 	1197 	3118 	3544 	: 	4048 	3840 e	3666 e	: 	: 	: 	: 	: 
A,D001,MIO_VKM,MOTO,RO	: 	: 	: 	: 	: 	: 	: 	: 	: 	: 	: 	: 	: 	: 	: 	: 	: 	: 	: 	: 	: 	: 	: 	: 	: 	: 	: 	: 	: 	: 	: 	: 	: 	: 	: 	: 	: 	: 	: 	: 	: 	594 	576 	709 	745 	786 	789 	792 	796 	800 	804 
A,D001,MIO_VKM,MOTO,SE	185 	187 	191 	211 	206 	206 	212 	211 	210 	216 	236 	283 	355 	423 	465 	479 	460 	461 	460 	459 	292 b	299 	326 	334 	339 	345 	358 	377 	392 	426 	468 	511 	578 	625 	674 	680 	708 	728 	847 	856 e	816 e	: 	: 	691 	665 	699 	696 	670 	646 	652 	693.251 
A,D001,MIO_VKM,MOTO,SI	: 	: 	: 	: 	: 	: 	: 	: 	: 	: 	: 	: 	: 	: 	: 	: 	: 	: 	: 	: 	63 	37 	40 r	40 r	39 r	46 r	55 r	63 r	74 r	71 r	78 r	73 r	73 r	88 r	100 	112 	127 	146 	137 	165 	151 	: 	: 	: 	: 	244 p	218 	233 	235 p	: 	230 p
A,D001,MIO_VKM,MOTO,UK	3970 	3930 	3690 	3910 	4240 	5060 	6340 	6220 	6141 	6390 	7670 	8870 	9220 	8270 	8110 	7370 	7070 	6710 	6030 	5944 	5569 	5395 	4527 b	3766 r	3775 r	3750 r	3760 r	3962 r	4109 r	4495 r	4573 r	4816 r	5080 r	5607 r	5155 	5432 	5197 	5588 	: c	5230 	4701 	4642 	4551 	4328 	4464 	4463 	4463 	4449 	: 	4786 	3949 
A,D001,MIO_VKM,TOTAL,AT	: 	: 	: 	: 	: 	: 	: 	: 	: 	: 	: 	: 	: 	: 	: 	: 	: 	: 	: 	: 	48687 d	50734 	52608 	53867 	56228 	57240 	58711 	60148 	61826 	63748 	65143 	66312 	67847 	69167 	70151 	71513 	72555 	74196 	75292 	74767 	75957 	77258 	77178 	78107 	80604 	82622 	85014 	86854 	: 	: 	: 
A,D001,MIO_VKM,TOTAL,BE	: 	: 	: 	: 	: 	: 	: 	: 	: 	: 	: 	: 	: 	: 	: 	: 	: 	: 	: 	: 	: 	: 	: 	: 	: 	: 	: 	: 	: 	: 	91040 	91470 	92680 	93080 r	94560 	94550 	96370 	98790 	97470 	98240 	98680 	: 	: 	102420 	98800 	99910 	: 	: 	: 	: 	: 
A,D001,MIO_VKM,TOTAL,BG	: 	: 	: 	: 	: 	: 	: 	: 	: 	: 	: 	: 	: 	: 	: 	: 	: 	: 	: 	: 	: 	: 	: 	: 	: 	: 	: 	: 	: 	: 	: 	: 	: 	: 	: 	: 	: 	: 	: 	1483.7 	11301.9 	1434 	1479.7 	1522 	1399.800 	1432.300 	1449.800 	1449.900 	1426.600 	1129.700 	1197.500 
A,D001,MIO_VKM,TOTAL,CA	: 	: 	: 	: 	: 	: 	: 	: 	: 	: 	: 	: 	: 	: 	: 	: 	: 	: 	: 	: 	: 	: 	: 	: 	: 	: 	: 	: 	: 	: 	: 	: 	: 	: 	: 	: 	: 	: 	: 	333287 	: 	: 	: 	: 	: 	: 	: 	: 	: 	: 	: 
A,D001,MIO_VKM,TOTAL,CH	28335 	29618 	30991 	31946 	32440 	33502 	33953 	35798 	36917 	37620 	38554 	38843 	40513 	41557 	42969 	43045 	44398 	45532 	47127 	48609 	49624 	50588 r	49960 	48925 r	47608 r	48071 r	48387 r	49231 r	50353 r	51501 r	52891 r	53489 r	55228 r	54741 r	54290 r	55606 r	56055 r	56592 r	57432 r	58324 r	59061 r	: 	61106 	63130 	64216 	65351 	66658 	67822 	68616 	69265 	58620 
A,D001,MIO_VKM,TOTAL,CY	: 	: 	: 	: 	: 	: 	: 	: 	: 	: 	: 	: 	: 	: 	: 	: 	: 	: 	: 	: 	: 	: 	: 	: 	: 	: 	: 	: 	: 	: 	: 	: 	: 	: 	: 	: 	: 	: 	6700.2 	8658 	8598.5 	8590.1 e	: 	: 	: 	: 	: 	: 	: 	: 	: 
A,D001,MIO_VKM,TOTAL,CZ	: 	: 	: 	: 	: 	: 	: 	: 	: 	: 	: 	: 	: 	: 	: 	: 	: 	: 	: 	: 	: 	: 	: 	45024 	: 	31270 	34690 	36840 	39015 	40290 	40490 e	40972 	43193 e	45686 e	47300 e	47169 	48505 	50324 	51918 	53555 	46381 	47541 	46875 	47156 	48335 	50934 	52775 	54558 	56401 	56401 	51989 
A,D001,MIO_VKM,TOTAL,DE	: 	: 	: 	: 	: 	: 	: 	: 	: 	: 	: 	: 	: 	: 	: 	: 	: 	: 	459671 	469320 	488499 	574219 	589962 	597454 	590921 	603516 	: 	: 	: 	: 	: 	: 	: 	: 	: 	: 	: 	: 	: 	15989287 	: 	: 	: 	: 	: 	: 	: 	: 	: 	: 	: 
A,D001,MIO_VKM,TOTAL,EE	: 	: 	: 	: 	: 	: 	: 	: 	: 	: 	: 	: 	: 	: 	: 	: 	: 	: 	: 	: 	: 	: 	: 	: 	: 	5255.5 	: 	: 	6281.7 	6376.6 	6440.5 	6537.9 	6842.69 	7416.5 	7895 	8061 	8713 	9668 	: 	: 	: 	: 	: 	9111.800 e	9471.600 e	9976 e	10387.300 e	10811.300 e	11197.100 e	11659.100 e	11251.300 
A,D001,MIO_VKM,TOTAL,ES	: 	: 	: 	: 	: 	: 	: 	: 	: 	: 	: 	: 	: 	: 	: 	: 	: 	: 	: 	: 	: 	: 	: 	: 	: 	166272 r	173688 r	179531 r	188524 r	201807 r	208508 r	217682 r	228172 r	236355 r	241715 r	245073 	247877 	256660 	251748 	249371 	241131 	234678 	224285 	220377 	222689 	230840 	239353 	244661 	250192 	252055 	195687 
A,D001,MIO_VKM,TOTAL,FI	: 	: 	: 	: 	: 	: 	: 	: 	: 	: 	: 	: 	: 	: 	: 	: 	: 	: 	: 	: 	39750 	39170 	42350 	41830 	41750 	42170 	42520 	43530 	44800 	46010 	46710 	47650 	48750 	49790 	50890 	51675 	53050 	54150 	53880 	54250 	54715 	55360 	: 	55331 	55741 	56306 	51522 b	51386 	51597 	51548 	49704 
A,D001,MIO_VKM,TOTAL,FR	: 	: 	: 	: 	: 	: 	: 	: 	: 	: 	: 	: 	: 	: 	: 	: 	: 	: 	: 	: 	: 	: 	: 	: 	: 	: 	: 	: 	: 	: 	: 	: 	: 	: 	: 	: 	: 	: 	: 	514481 	525185 	529543 	: 	567829 	572394 	603896 	613696 	619908 	620159 	615372 	511172 
A,D001,MIO_VKM,TOTAL,HR	: 	: 	: 	: 	: 	: 	: 	: 	: 	: 	: 	: 	: 	: 	: 	: 	: 	: 	: 	: 	: 	: 	: 	: 	: 	: 	: 	: 	: 	: 	: 	15262 	16719 	18215 	19419 	19957 	20520 	21604 	21861 	21308 	20971 	20609 	20317 	20216 	20440 	21195 	21920 	22750 	23440 	24280 	19850 
A,D001,MIO_VKM,TOTAL,HU	: 	: 	: 	: 	: 	: 	: 	: 	: 	: 	: 	: 	: 	: 	: 	: 	: 	: 	: 	: 	: 	: 	: 	: 	: 	: 	: 	: 	: 	: 	: 	: 	: 	: 	: 	: 	: 	: 	39748.44 	36121 	: 	: 	: 	36055.770 	36771 	38580.570 	40451.330 	43015.720 e	44796.460 e	46415.930 e	41012.560 
A,D001,MIO_VKM,TOTAL,IE	: 	: 	: 	: 	: 	: 	: 	: 	: 	: 	: 	: 	: 	: 	: 	: 	: 	: 	: 	: 	24446 	: 	26270 	27350 	29266 	31794 	34532 	: 	: 	: 	: 	30578.5 	: 	: 	: 	: 	: 	: 	: 	: 	: 	: 	: 	39626 	42738 	44835 	46836 	47795 	47545 	47072 	36237 
A,D001,MIO_VKM,TOTAL,IS	: 	: 	: 	: 	: 	: 	: 	: 	: 	: 	: 	: 	: 	: 	: 	: 	: 	: 	: 	: 	: 	: 	: 	: 	: 	: 	: 	1964 	2081 	2200 	2211 r	2425 r	2493 r	2565 r	2649 r	2831 e	: 	: 	: 	: 	: 	: 	: 	: 	: 	: 	: 	: 	: 	: 	: 
A,D001,MIO_VKM,TOTAL,IT	: 	: 	: 	: 	: 	: 	: 	: 	: 	: 	: 	: 	: 	: 	: 	: 	: 	: 	: 	: 	: 	: 	: 	: 	: 	: 	: 	: 	: 	: 	: 	: 	: 	: 	: 	: 	: 	: 	: 	: 	: 	: 	: 	75122 	76574 	79384 	82024 	83819 	84127 	84655 	61413 
A,D001,MIO_VKM,TOTAL,LI	: 	: 	: 	: 	: 	: 	: 	: 	: 	: 	: 	: 	: 	: 	: 	: 	: 	: 	: 	: 	: 	: 	: 	: 	: 	: 	: 	: 	: 	: 	: 	: z	: z	: z	: z	: 	: z	: z	: z	: 	: 	: 	: 	: 	: 	: 	: 	: 	: 	: 	: 
A,D001,MIO_VKM,TOTAL,LT	: 	: 	: 	: 	: 	: 	: 	: 	: 	: 	: 	: 	: 	: 	: 	: 	: 	: 	: 	: 	: 	: 	: 	: 	: 	: 	: 	: 	: 	: 	: 	: 	: 	: 	8647.1 	8573.5 	9156.8 	10659.3 	11034.8 	10097.6 r	10013.7 r	10149 	: 	10344 	10859 	11134 	11687 	12136 	12483 	13099 	12160 
A,D001,MIO_VKM,TOTAL,LV	: 	: 	: 	: 	: 	: 	: 	: 	: 	: 	: 	: 	: 	: 	: 	: 	: 	: 	: 	: 	: 	: 	: 	: 	: 	: 	: 	: 	: 	: 	7578 	: 	: 	: 	: 	: 	: 	: 	: 	11179.32 	10945.6 	10629.7 	: 	: 	: 	: 	: 	: 	: 	: 	: 
A,D001,MIO_VKM,TOTAL,ME	: 	: 	: 	: 	: 	: 	: 	: 	: 	: 	: 	: 	: 	: 	: 	: 	: 	: 	: 	: 	: 	: 	: 	: 	: 	: 	: 	: 	: 	: 	: 	: 	: 	: 	: 	: 	: 	: 	: 	: 	: 	: 	: 	: 	: 	: 	2392.710 e	2523 e	: 	: 	: 
A,D001,MIO_VKM,TOTAL,MK	: 	: 	: 	: 	: 	: 	: 	: 	: 	: 	: 	: 	: 	: 	: 	: 	: 	: 	: 	: 	: 	: 	: 	: 	: 	: 	: 	: 	: 	: 	: 	: 	: 	: 	: 	690 r	694 r	596 r	486 r	700 	760 	802 	: 	3846.182 	4312.539 	4421 	4534 	4833 	4800 	4793.150 	4747.686 
A,D001,MIO_VKM,TOTAL,MT	: 	: 	: 	: 	: 	: 	: 	: 	: 	: 	: 	: 	: 	: 	: 	: 	: 	: 	: 	: 	: 	: 	: 	: 	: 	: 	: 	: 	: 	: 	: 	: 	: 	: 	: 	: 	: 	: 	: 	1714 e	: 	: 	: 	: 	: 	: 	: 	: 	: 	: 	: 
A,D001,MIO_VKM,TOTAL,NL	: 	: 	: 	: 	: 	: 	: 	: 	: 	: 	: 	: 	: 	: 	: 	: 	: 	: 	: 	: 	: 	: 	101315 	104418 	108753 	110158 	110736 	: 	: 	: 	: 	: 	: 	: 	: 	: 	: 	: 	: 	: 	: 	: 	: 	131766 	132198 	134129 	137837 	139850 	142022 	142259 	124064 
A,D001,MIO_VKM,TOTAL,NO	: 	: 	: 	: 	: 	: 	: 	: 	: 	: 	: 	: 	: 	: 	: 	: 	: 	: 	: 	: 	: 	: 	: 	: 	: 	: 	: 	: 	: 	: 	: 	: 	: 	: 	: 	: 	: 	: 	: 	43282 e	43281 e	43655 	: 	45285 e	45140 e	45715 e	46107 e	46791 e	47506 e	47065 e	45128 
A,D001,MIO_VKM,TOTAL,PL	: 	: 	: 	: 	: 	: 	: 	: 	: 	: 	: 	: 	: 	: 	: 	: 	: 	: 	: 	: 	: 	: 	: 	: 	: 	: 	: 	: 	: 	: 	: 	: 	: 	: 	: 	: 	: 	: 	178571 	177294 r	187979 	195864 e	: 	212168 	217671 e	222106 e	: 	: 	: 	: 	: 
A,D001,MIO_VKM,TOTAL,RO	: 	: 	: 	: 	: 	: 	: 	: 	: 	: 	: 	: 	: 	: 	: 	: 	: 	: 	: 	: 	: 	: 	: 	: 	: 	: 	: 	: 	: 	: 	: 	: 	: 	: 	: 	: 	: 	: 	: 	: 	: 	42867 	44571 	47322 	49662 	52173 	53694 	55268 	56899 	58589 	60342 
A,D001,MIO_VKM,TOTAL,SE	37065 	38854 	40730 	44831 	42625 	43342 	46733 	48989 	50277 	51249 	51573 	51231 	51863 	52709 	53222 	54888 	55291 	58639 	61763 	65052 	64310 b	64867 	65537 	64136 	64904 	65700 	66029 	66227 	66955 	68637 	69667 	70642 	72973 	73860 	74599 	75196 	75346 	77456 	76836 	77355 	77604 	: 	: 	77761 	79221 	80736 	82602 	83896 	84536 	83723 	77759.139 
A,D001,MIO_VKM,TOTAL,SI	: 	: 	: 	: 	: 	: 	: 	: 	: 	: 	: 	: 	: 	: 	: 	: 	: 	: 	: 	: 	9018 	8468 	8740 r	9100 r	9919 r	10653 r	11568 r	12353 r	12323 r	13049 r	13346 r	13637 r	14062 r	14526 r	15100 	15519 	15971 	17058 	17447 	17890 	17826 	: 	: 	: 	: 	20674 p	20605 	21346 	21886 p	: 	20242 p
A,D001,MIO_VKM,TOTAL,TR	: 	: 	: 	: 	: 	: 	: 	: 	: 	: 	: 	: 	: 	: 	: 	: 	: 	: 	: 	: 	: 	: 	: 	: 	: 	: 	: 	: 	: 	: 	56151 	52631 	51664 	52344 r	57767 	61129 	64577 	69609 	69771 	72431 	80124 	85495 	93989 	99431 	102988 	113274 	119671 	127997 	: 	: 	: 
A,D001,MIO_VKM,TOTAL,UK	200450 	211961 	222519 	234036 	229700 	231749 	243457 	246800 	256509 	255871 	271930 	276892 	284458 	288058 	303087 	309667 	325292 	350469 	375702 	406887 	410840 	411573 	412121 b	412336 r	421540 r	429722 r	441123 r	450324 r	469071 r	477900 r	478376 r	486085 r	499034 r	503318 r	512046 	518423 	526896 	532994 	528662 r	506995 u	493735 u	488882 	487052 	488784 	501511 	509709 	519728 	526423 	: 	573762 	451413 
A,D002,MIO_VKM,BUS_TOT,BE	: 	: 	: 	: 	: 	: 	: 	: 	: 	: 	: 	: 	: 	: 	: 	: 	: 	: 	: 	: 	: 	: 	: 	: 	: 	: 	: 	: 	: 	: 	: 	: 	: 	: 	: 	570 	: 	: 	620 	: 	: 	: 	: 	: 	: 	: 	: 	: 	: 	: 	: 
A,D002,MIO_VKM,BUS_TOT,BG	: 	: 	: 	: 	: 	: 	: 	: 	: 	: 	: 	: 	: 	: 	: 	: 	: 	: 	: 	: 	1040 	: 	: 	: 	: 	: 	: 	: 	: 	: 	: 	: 	: 	: 	: 	: 	: 	: 	518.6 	473.5 	494.9 	460.8 	506.5 	465.800 	440 	457 	486 	447 	524.100 	427.600 	320.200 
A,D002,MIO_VKM,BUS_TOT,CY	: 	: 	: 	: 	: 	: 	: 	: 	: 	: 	: 	: 	: 	: 	: 	: 	: 	: 	: 	: 	: 	: 	: 	: 	: 	: 	: 	: 	: 	: 	: 	: 	: 	: 	: 	: 	: 	: 	138.3 	: 	: 	: 	: 	: 	: 	: 	: 	: 	: 	: 	: 
A,D002,MIO_VKM,BUS_TOT,DE	: 	: 	: 	: 	: 	: 	: 	: 	: 	: 	: 	: 	: 	: 	: 	: 	: 	: 	: 	: 	: 	: 	: 	: 	: 	: 	: 	: 	: 	: 	: 	: 	: 	: 	: 	: 	: 	: 	: 	: 	: 	: 	: 	3251 	3301 	3372 	3453 	4560 	4600 	4600 	4125 
A,D002,MIO_VKM,BUS_TOT,DK	: 	: 	: 	: 	: 	: 	: 	: 	: 	: 	: 	: 	: 	: 	: 	: 	: 	: 	: 	: 	: 	: 	463 	470 	475 	528 	576 	573 	628 	627 	629 	625 	625 	: 	: 	: 	624 	600 	600 	: 	: 	: 	: 	567 	580 	606 	624 	648 	642 	: 	567 
A,D002,MIO_VKM,BUS_TOT,EE	: 	: 	: 	: 	: 	: 	: 	: 	: 	: 	: 	: 	: 	: 	: 	: 	: 	: 	: 	: 	: 	: 	: 	: 	: 	: 	: 	105.8 	114.1 	114.4 	114.5 	170.6 	176.1 	: 	: 	: 	: 	: 	: 	: 	: 	: 	: 	: 	: 	: 	: 	: 	: 	: 	: 
A,D002,MIO_VKM,BUS_TOT,FR	: 	: 	: 	: 	: 	: 	: 	: 	: 	: 	: 	: 	: 	: 	: 	: 	: 	: 	: 	: 	2100 	2200 	2300 	2300 	2300 	2300 	2300 	2300 	2300 	2300 	2400 	2300 	2400 	2400 	2500 	2500 	2553 	2655 	2736 	3101 	3169 	3247 	: 	3326 	3375 	2999 	3060 	3051 	3076 	3040 	2330 
A,D002,MIO_VKM,BUS_TOT,IE	: 	: 	: 	: 	: 	: 	: 	: 	: 	: 	: 	: 	: 	: 	: 	: 	: 	: 	: 	: 	257 	: 	: 	: 	333 	: 	396 	: 	: 	: 	: 	: 	: 	: 	: 	: 	: 	: 	: 	: 	: 	: 	: 	: 	1157 	1167 	1194 	1219 	386 	392 	271 
A,D002,MIO_VKM,BUS_TOT,IS	: 	: 	: 	: 	: 	: 	: 	: 	: 	: 	: 	: 	: 	: 	: 	: 	: 	: 	: 	: 	: 	: 	: 	: 	: 	: 	: 	67 	71 	77 	61 r	69 r	71 r	73 r	76 e	81 e	: 	: 	: 	: 	: 	: 	: 	: 	: 	: 	: 	: 	: 	: 	: 
A,D002,MIO_VKM,BUS_TOT,IT	: 	: 	: 	: 	: 	: 	: 	: 	: 	: 	: 	: 	: 	: 	: 	: 	: 	: 	: 	: 	: 	: 	1892 	1919 	: 	: 	: 	: 	: 	: 	: 	: 	: 	: 	: 	: 	: 	: 	: 	: 	100 	100 	100 	: 	: 	: 	: 	: 	: 	: 	: 
A,D002,MIO_VKM,BUS_TOT,LI	: 	: 	: 	: 	: 	: 	: 	: 	: 	: 	: 	: 	: 	: 	: 	: 	: 	: 	: 	: 	: 	: 	: 	: 	: 	: 	: 	: 	: 	: 	: 	: z	: z	: z	: z	: 	: z	: z	: z	: 	: 	: 	: 	: 	: 	: 	: 	: 	: 	: 	: 
A,D002,MIO_VKM,BUS_TOT,LT	: 	: 	: 	: 	: 	: 	: 	: 	: 	: 	: 	: 	: 	: 	: 	: 	: 	: 	: 	: 	: 	: 	246.1 	205.7 	197.6 	193.3 	177.5 	190 	174 	175 	159.7 r	163.7 	167 r	173.5 	408.5 	410.7 	376.5 	331.8 r	293.5 	275.8 	266 	272.6 	: 	267.700 	274 	255 	263.200 	269.400 	266.100 	270 	201.700 
A,D002,MIO_VKM,BUS_TOT,LU	: 	: 	: 	: 	: 	: 	: 	: 	: 	: 	: 	: 	: 	: 	: 	: 	: 	: 	: 	: 	: 	: 	: 	: 	: 	: 	: 	: 	26 	28 	28 	31 	: 	: 	: 	: 	: 	: 	: 	: 	: 	: 	: 	: 	: 	: 	: 	: 	: 	: 	: 
A,D002,MIO_VKM,BUS_TOT,LV	: 	: 	: 	: 	: 	: 	: 	: 	: 	: 	: 	: 	: 	: 	: 	: 	: 	: 	: 	: 	: 	: 	: 	: 	: 	: 	: 	: 	: 	: 	: 	256 	266.6 	273.9 	257 	269.6 	264.9 	259.4 	293.1 	236.31 	238.9 	241.6 	233.9 	233.500 	231.300 	228.400 	231 	231.600 	225.400 	215.600 	177.100 
A,D002,MIO_VKM,BUS_TOT,ME	: 	: 	: 	: 	: 	: 	: 	: 	: 	: 	: 	: 	: 	: 	: 	: 	: 	: 	: 	: 	: 	: 	: 	: 	: 	: 	: 	: 	: 	: 	: 	: 	: 	: 	: 	: 	: 	: 	: 	: 	: 	: 	: 	: 	: 	: 	65.400 e	68 	: 	: 	: 
A,D002,MIO_VKM,BUS_TOT,MK	: 	: 	: 	: 	: 	: 	: 	: 	: 	: 	: 	: 	: 	: 	: 	: 	: 	: 	: 	: 	: 	: 	: 	: 	: 	39 	37.6 	37.7 	37 	35 	35 	37 	38 	: 	: 	37 	34 	36 	36 	34 	40 	45 	: 	100 	114.498 	106 	86 	92 	115 	123.750 	47.922 
A,D002,MIO_VKM,BUS_TOT,MT	: 	: 	: 	: 	: 	: 	: 	: 	: 	: 	: 	: 	: 	: 	: 	: 	: 	: 	: 	: 	: 	: 	: 	: 	: 	: 	: 	: 	: 	: 	: 	: 	: 	: 	: 	: 	: 	: 	: 	: 	: 	: 	: 	59.940 e	64.010 e	73.970 e	60 e	71.001 e	81.930 	81.440 e	64.300 e
A,D002,MIO_VKM,BUS_TOT,NL	: 	: 	: 	: 	: 	: 	: 	: 	: 	: 	: 	: 	: 	: 	: 	: 	: 	: 	: 	: 	: 	: 	600 	602 	600 	621 	623 	8000 	7800 	7500 	: 	: 	7200 	6600 	: 	: 	: 	: 	: 	: 	: 	: 	: 	619 	602 	601 	591 	627 	636 	: 	: 
A,D002,MIO_VKM,BUS_TOT,NO	: 	: 	: 	: 	: 	: 	: 	: 	: 	: 	: 	: 	: 	: 	: 	: 	: 	: 	329 	332 	324 	321 	330 	338 	350 	332 	337 	344 	343 r	342 r	342 r	341 	343 	341 	353 	344 r	340 	338 r	337 	340 	615 e	: 	: 	576 e	565 e	559 e	561 e	566 e	573 e	586 e	: 
A,D002,MIO_VKM,BUS_TOT,PL	: 	: 	: 	: 	: 	: 	: 	: 	: 	: 	: 	: 	: 	: 	: 	: 	: 	: 	: 	: 	: 	: 	: 	2009 	1990 	2037 	2067 	2004 	1981 	1953 	1923 	1965 	1992.8 	1987.2 	1961 	2031 	2305 	2055 	2703 b	2254 	2174 	2151 	: 	2011 	1914 e	1851 e	: 	: 	: 	: 	: 
A,D002,MIO_VKM,BUS_TOT,PT	: 	: 	: 	: 	: 	: 	: 	: 	: 	: 	: 	: 	: 	: 	: 	: 	: 	: 	: 	: 	: 	: 	635 	660 	665 	720 	750 	730 	457 r	471 	484 	477 	455 	: 	: 	: 	: 	: 	: 	: 	: 	: 	: 	353.250 	346 	376.390 	398.460 	411.690 	441.030 	396.430 	299.100 
A,D002,MIO_VKM,BUS_TOT,RO	: 	: 	: 	: 	: 	: 	: 	: 	: 	: 	: 	: 	: 	: 	: 	: 	: 	: 	: 	: 	: 	: 	: 	: 	: 	: 	816 	884 	: 	: 	: 	: 	: 	: 	: 	: 	: 	: 	1592 	1636 	: 	: 	: 	: 	: 	: 	: 	: 	: 	: 	: 
A,D002,MIO_VKM,BUS_TOT,SI	: 	: 	: 	: 	: 	: 	: 	: 	: 	: 	: 	: 	: 	: 	: 	: 	: 	: 	: 	: 	131 	: 	77.6 	84.8 	90.2 	91.2 	95.8 	97 	85 	91 	77 	76 r	74 r	73 	73 	: 	: 	: 	: 	: 	: 	: 	: 	: 	: 	117 p	118 	121 	123 p	: 	77 p
A,D002,MIO_VKM,BUS_TOT,SK	: 	: 	: 	: 	: 	: 	: 	: 	: 	: 	: 	: 	: 	: 	: 	: 	: 	: 	: 	: 	: 	: 	: 	: 	: 	401 	425 	445.1 	356 	310 	390.2 	349.2 	344.9 	353.6 	353.2 	336.5 	339 	339 	335 	317.2 	313.6 	301 	300 	295 	274 	297 	297 	310 	320 	333.800 	279 
A,D002,MIO_VKM,BUS_TOT,TR	: 	: 	: 	: 	: 	: 	: 	: 	: 	: 	: 	: 	: 	: 	: 	: 	: 	: 	: 	: 	2359 	: 	: 	: 	2399 	2520 	2547 	: 	3164 	: 	: 	: 	: 	: 	: 	: 	: 	: 	: 	: 	: 	: 	: 	: 	: 	20710 	22050 	24610 	23841 	: 	: 
A,D002,MIO_VKM,BUS_TOT,UK	: 	: 	: 	: 	: 	: 	: 	: 	: 	: 	: 	: 	: 	: 	: 	: 	: 	: 	: 	: 	: 	: 	: 	: 	: 	: 	: 	: 	: 	: 	: 	: 	: 	: 	: 	: 	: 	: 	: 	: 	: 	: 	: 	: 	4432 	4253 	3970 	3828 	: 	3822 	2598 
A,D002,MIO_VKM,CAR,BE	: 	: 	: 	: 	: 	: 	: 	: 	: 	: 	: 	: 	: 	: 	: 	: 	: 	: 	: 	: 	: 	: 	: 	: 	: 	: 	: 	: 	: 	: 	: 	: 	: 	: 	: 	71520 	: 	: 	73430 	: 	: 	: 	: 	: 	: 	: 	: 	: 	: 	: 	: 
A,D002,MIO_VKM,CAR,BG	: 	: 	: 	: 	: 	: 	: 	: 	: 	: 	: 	: 	: 	: 	: 	: 	: 	: 	: 	: 	11364 	: 	: 	: 	: 	: 	: 	: 	: 	: 	: 	: 	: 	: 	: 	: 	: 	: 	: 	: 	9834.3 	: 	: 	: 	: 	: 	: 	: 	: 	: 	: 
A,D002,MIO_VKM,CAR,CH	: 	: 	: 	: 	: 	: 	: 	: 	: 	: 	: 	: 	: 	: 	: 	: 	: 	: 	: 	: 	: 	: 	: 	: 	35480 r	36408 r	37310 r	38091 r	38906 r	39819 r	40825 r	41330 r	42030 r	42562 r	43040 r	43217 	43662 	46483 	47224 	45649 r	46225 r	46852 	47858 	47682 	48228 	48802 	49595 	50268 	50553 	50717 	42380 
A,D002,MIO_VKM,CAR,CY	: 	: 	: 	: 	: 	: 	: 	: 	: 	: 	: 	: 	: 	: 	: 	: 	: 	: 	: 	: 	: 	: 	: 	: 	: 	: 	: 	: 	: 	: 	: 	: 	: 	: 	: 	: 	: 	: 	3926 	: 	: 	: 	: 	: 	: 	: 	: 	: 	: 	: 	: 
A,D002,MIO_VKM,CAR,DE	: 	: 	: 	: 	: 	: 	: 	: 	: 	: 	: 	: 	: 	: 	: 	: 	: 	: 	: 	: 	: 	: 	: 	: 	: 	: 	: 	: 	: 	: 	: 	: 	: 	: 	: 	: 	: 	: 	: 	: 	: 	: 	: 	615142 	627224 	635805 	649639 	642359 	642200 	644800 	578085 
A,D002,MIO_VKM,CAR,DK	: 	: 	: 	: 	: 	: 	: 	: 	: 	: 	: 	: 	: 	: 	: 	: 	: 	: 	: 	: 	: 	: 	30065 	30502 	31376 	32526 	33540 	34749 	35663 	36892 	36928 	36809 	37673 	: 	: 	: 	41094 	42452 	42688 	: 	: 	: 	: 	35611 	36841 	38152 	39275 	40181 	40827 	: 	38388 
A,D002,MIO_VKM,CAR,EE	: 	: 	: 	: 	: 	: 	: 	: 	: 	: 	: 	: 	: 	: 	: 	: 	: 	: 	: 	: 	: 	: 	: 	: 	: 	: 	: 	3024.8 	2995.4 	3226.4 	3250.3 	2995.4 	3226.4 	: 	: 	: 	: 	: 	: 	: 	: 	: 	: 	: 	: 	: 	: 	: 	: 	: 	: 
A,D002,MIO_VKM,CAR,FR	: 	: 	: 	: 	: 	: 	: 	: 	: 	: 	: 	: 	: 	: 	: 	: 	: 	: 	: 	: 	318000 	324000 	334000 	340000 	352000 	350100 	355000 	360700 	371300 r	382800 	382900 	398200 	401400 	404200 	403300 	397800 	395833 	398033 	392355 	394854 	398065 	398849 	399936 	496343 	499902 	445186 	452785 	454285 	451686 	447720 	368689 
A,D002,MIO_VKM,CAR,IE	: 	: 	: 	: 	: 	: 	: 	: 	: 	: 	: 	: 	: 	: 	: 	: 	: 	: 	: 	: 	19271 	: 	: 	: 	22894 	: 	27312 	: 	: 	: 	: 	: 	: 	: 	: 	29036 	30227 	31769 	32741 	: 	: 	: 	: 	: 	32645 	35020 	36623 	37181 	36817 	36301 	26654 
A,D002,MIO_VKM,CAR,IS	: 	: 	: 	: 	: 	: 	: 	: 	: 	: 	: 	: 	: 	: 	: 	: 	: 	: 	: 	: 	: 	: 	: 	: 	: 	: 	: 	1779 	1885 	1991 	2017 r	2210 r	2272 r	2338 r	2414 e	2580 e	: 	: 	: 	: 	: 	: 	: 	: 	: 	: 	: 	: 	: 	: 	: 
A,D002,MIO_VKM,CAR,IT	: 	: 	: 	: 	: 	: 	: 	: 	: 	: 	: 	: 	: 	: 	: 	: 	: 	: 	: 	: 	: 	: 	52475 	40297 	: 	: 	: 	: 	: 	: 	: 	: 	: 	: 	: 	: 	: 	: 	: 	: 	36751 	37113 	37078 	: 	: 	: 	: 	: 	: 	: 	: 
A,D002,MIO_VKM,CAR,LI	: 	: 	: 	: 	: 	: 	: 	: 	: 	: 	: 	: 	: 	: 	: 	: 	: 	: 	: 	: 	: 	: 	: 	: 	: 	: 	: 	: 	: 	: 	: 	: z	: z	: z	: z	: 	: z	: z	: z	: 	: 	: 	: 	: 	: 	: 	: 	: 	: 	: 	: 
A,D002,MIO_VKM,CAR,LT	: 	: 	: 	: 	: 	: 	: 	: 	: 	: 	: 	: 	: 	: 	: 	: 	: 	: 	: 	: 	: 	: 	: 	: 	: 	: 	: 	: 	: 	: 	: 	: 	8625.5 	9991.7 e	12772 e	16808 	18886 	18628 r	18995.3 r	18027.7 	14960.2 	15932.5 	: 	17772.200 	13071.700 	13196.800 	14049.200 	16822.800 	17487 	: 	: 
A,D002,MIO_VKM,CAR,LV	: 	: 	: 	: 	: 	: 	: 	: 	: 	: 	: 	: 	: 	: 	: 	: 	: 	: 	: 	: 	: 	: 	: 	: 	: 	: 	: 	: 	: 	: 	: 	6392 	6268 	6809.3 	7486 	7978.6 	9504.8 	11135.5 	9945.9 	8865.13 	8592 	8107.1 	8234.3 	8381.700 	9018.400 	9673.300 	9927.700 	10699.200 	10897.600 	11072 	10553.500 
A,D002,MIO_VKM,CAR,ME	: 	: 	: 	: 	: 	: 	: 	: 	: 	: 	: 	: 	: 	: 	: 	: 	: 	: 	: 	: 	: 	: 	: 	: 	: 	: 	: 	: 	: 	: 	: 	: 	: 	: 	: 	: 	: 	: 	: 	: 	: 	: 	: 	: 	: 	: 	1487.200 e	1554 	: 	: 	: 
A,D002,MIO_VKM,CAR,MK	: 	: 	: 	: 	: 	: 	: 	: 	: 	: 	: 	: 	: 	: 	: 	: 	: 	: 	: 	: 	: 	: 	: 	: 	: 	: 	: 	: 	: 	: 	: 	: 	: 	: 	: 	: 	: 	: 	: 	: 	: 	: 	: 	3121.182 	3343.041 	3455 	3544 	3777 	3725 	3834.400 	3862.764 e
A,D002,MIO_VKM,CAR,MT	: 	: 	: 	: 	: 	: 	: 	: 	: 	: 	: 	: 	: 	: 	: 	: 	: 	: 	: 	: 	: 	: 	: 	: 	: 	: 	: 	: 	: 	: 	: 	: 	: 	: 	: 	: 	: 	: 	: 	: 	: 	: 	: 	2261.530 e	2485.470 e	2563.090 e	2198.131 e	2333.174 e	2395.950 	2408.390 e	1878.600 e
A,D002,MIO_VKM,CAR,NL	: 	: 	: 	: 	: 	: 	: 	: 	: 	: 	: 	: 	: 	: 	: 	: 	: 	: 	: 	: 	: 	: 	80090 	82410 	85876 	86465 	86280 	83100 	85000 	88400 	: 	: 	91900 	92900 	: 	94902 	95827 	97485 	99696 	: 	: 	: 	: 	98483 	98707 	99969 	102394 	103516 	104736 	: 	: 
A,D002,MIO_VKM,CAR,NO	: 	: 	: 	: 	: 	: 	: 	: 	: 	: 	: 	: 	: 	: 	: 	: 	: 	: 	22845 	23176 	23324 	23150 	23126 	23485 	23551 	23698 	24658 	23549 r	24144 r	24577 r	24989 r	25611 	26443 	26989 	27602 r	28708 	29880 	32247 	32714 	30578 	32523 e	: 	33537 e	33592 e	33503 e	34091 e	34500 e	35053 e	35629 e	35149 e	: 
A,D002,MIO_VKM,CAR,PL	: 	: 	: 	: 	: 	: 	: 	: 	: 	: 	: 	: 	: 	: 	: 	: 	: 	: 	: 	: 	: 	: 	: 	: 	: 	: 	: 	: 	: 	: 	: 	: 	: 	: 	: 	: 	: 	: 	137857 	145977 	151486 	157586 	157770 e	161113 	: 	: 	: 	: 	: 	: 	: 
A,D002,MIO_VKM,CAR,PT	: 	: 	: 	: 	: 	: 	: 	: 	: 	: 	: 	: 	: 	: 	: 	: 	: 	: 	: 	: 	: 	: 	30300 	33150 	36000 	38400 	41250 	44250 	47250 	: 	: 	: 	: 	: 	: 	: 	: 	: 	: 	: 	: 	: 	: 	: 	: 	: 	: 	: 	: 	: 	: 
A,D002,MIO_VKM,CAR,RO	: 	: 	: 	: 	: 	: 	: 	: 	: 	: 	: 	: 	: 	: 	: 	: 	: 	: 	: 	: 	: 	: 	: 	: 	: 	: 	26048 	26919 	: 	: 	: 	: 	: 	: 	: 	: 	: 	: 	34887 	38077 	: 	: 	: 	: 	: 	: 	: 	: 	: 	: 	: 
A,D002,MIO_VKM,CAR,SI	: 	: 	: 	: 	: 	: 	: 	: 	: 	: 	: 	: 	: 	: 	: 	: 	: 	: 	: 	: 	4749 	: 	4338.2 	4806.4 	5221.4 	5639.8 	6232 	6622 	6660 	7098 	7207 	7580 r	7820 r	8096 	8464 	: 	: 	: 	15170 	: 	: 	: 	: 	: 	: 	16220 p	15849 	16448 	16828 p	: 	16568 p
A,D002,MIO_VKM,CAR,TR	: 	: 	: 	: 	: 	: 	: 	: 	: 	: 	: 	: 	: 	: 	: 	: 	: 	: 	: 	: 	13730 	: 	: 	: 	18294 	21061 	22994 	: 	30605 	: 	: 	: 	: 	: 	: 	: 	: 	: 	: 	: 	: 	: 	: 	: 	: 	129973 	148456 	157754 	170801 	: 	: 
A,D002,MIO_VKM,CAR,UK	: 	: 	: 	: 	: 	: 	: 	: 	: 	: 	: 	: 	: 	: 	: 	: 	: 	: 	: 	: 	: 	: 	: 	: 	: 	: 	: 	: 	: 	: 	: 	: 	: 	: 	: 	: 	: 	: 	: 	: 	: 	: 	: 	: 	393294 	397711 	404050 	408678 	: 	447077 	336726 
A,D002,MIO_VKM,LOR_RTRN,BE	: 	: 	: 	: 	: 	: 	: 	: 	: 	: 	: 	: 	: 	: 	: 	: 	: 	: 	: 	: 	: 	: 	: 	: 	: 	: 	: 	: 	: 	: 	: 	: 	: 	: 	: 	14530 	: 	: 	560 	: 	: 	: 	: 	: 	: 	: 	: 	: 	: 	: 	: 
A,D002,MIO_VKM,LOR_RTRN,BG	: 	: 	: 	: 	: 	: 	: 	: 	: 	: 	: 	: 	: 	: 	: 	: 	: 	: 	: 	: 	3553 	: 	: 	: 	: 	: 	: 	: 	: 	: 	638.6 	666.8 	776.4 	895.6 	910.6 	689.3 	787943.3 	741382.4 	813 	1010.2 	972.7 	973.2 	214.6 	1056.200 	959.800 	975.300 	963.800 	1002.900 	902.500 	702.100 	877.300 
A,D002,MIO_VKM,LOR_RTRN,CH	: 	: 	: 	: 	: 	: 	: 	: 	: 	: 	: 	: 	: 	: 	: 	: 	: 	: 	: 	: 	: 	: 	: 	: 	: 	: 	: 	: 	: 	: 	: 	: 	: 	: 	: 	: 	: 	: 	: 	: 	: 	: 	: 	5619 	5732 	5859 	5998 	6125 	6272 	6408 	6541 
A,D002,MIO_VKM,LOR_RTRN,CY	: 	: 	: 	: 	: 	: 	: 	: 	: 	: 	: 	: 	: 	: 	: 	: 	: 	: 	: 	: 	: 	: 	: 	: 	: 	: 	: 	: 	: 	: 	: 	: 	: 	: 	: 	: 	: 	: 	2275.9 	: 	: 	: 	: 	: 	: 	: 	: 	: 	: 	: 	: 
A,D002,MIO_VKM,LOR_RTRN,DE	: 	: 	: 	: 	: 	: 	: 	: 	: 	: 	: 	: 	: 	: 	: 	: 	: 	: 	: 	: 	: 	: 	: 	: 	: 	: 	: 	: 	18116 	: 	: 	: 	: 	: 	: 	: 	12982.46 	12978.13 	13034.67 	: 	: 	: 	: 	81011 	83191 	85798 	88318 	90758 	90700 	87400 	83673 
A,D002,MIO_VKM,LOR_RTRN,DK	: 	: 	: 	: 	: 	: 	: 	: 	: 	: 	: 	: 	: 	: 	: 	: 	: 	: 	: 	: 	: 	: 	7533 	6840 	7029 	7099 	7221 	7329 	7597 	7952 	8236 	8497 	8628 	: 	: 	: 	2303 	2381 	2288 	: 	: 	: 	: 	9233 	9157 	9208 	9449 	9357 	9320 	: 	8847 
A,D002,MIO_VKM,LOR_RTRN,EE	: 	: 	: 	: 	: 	: 	: 	: 	: 	: 	: 	: 	: 	: 	: 	: 	: 	: 	: 	: 	: 	: 	: 	: 	: 	: 	: 	1182.4 	1111.4 	900.9 	903.5 	1129.5 	1236.1 	: 	: 	: 	: 	: 	: 	: 	: 	: 	: 	: 	: 	: 	: 	: 	: 	: 	: 
A,D002,MIO_VKM,LOR_RTRN,FR	: 	: 	: 	: 	: 	: 	: 	: 	: 	: 	: 	: 	: 	: 	: 	: 	: 	: 	: 	: 	: 	: 	: 	19400 	20300 	24500 	24300 	24800 	25400 r	26400 	26500 	26800 	27000 	26400 	27400 	27200 	27391 	27997 	26466 	106305 	110033 	113515 	: 	18471 	17640 	16934 	17459 	17765 	17866 	25909 	: 
A,D002,MIO_VKM,LOR_RTRN,IE	: 	: 	: 	: 	: 	: 	: 	: 	: 	: 	: 	: 	: 	: 	: 	: 	: 	: 	: 	: 	4677 	: 	: 	: 	2244 	: 	2031 	: 	: 	: 	: 	: 	: 	: 	: 	: 	: 	: 	: 	: 	: 	: 	: 	: 	8833 	8546 	8915 	9287 	7891 	8023 	7283 
A,D002,MIO_VKM,LOR_RTRN,IS	: 	: 	: 	: 	: 	: 	: 	: 	: 	: 	: 	: 	: 	: 	: 	: 	: 	: 	: 	: 	: 	: 	: 	: 	: 	: 	: 	118 	125 	132 	133 r	146 r	150 r	154 r	159 e	170 e	: 	: 	: 	: 	: 	: 	: 	: 	: 	: 	: 	: 	: 	: 	: 
A,D002,MIO_VKM,LOR_RTRN,IT	: 	: 	: 	: 	: 	: 	: 	: 	: 	: 	: 	: 	: 	: 	: 	: 	: 	: 	: 	: 	: 	: 	15861 	15737 	: 	: 	: 	: 	: 	: 	: 	: 	: 	: 	: 	: 	: 	: 	: 	: 	5512 	5568 	5533 r	: 	: 	: 	: 	: 	: 	: 	: 
A,D002,MIO_VKM,LOR_RTRN,LI	: 	: 	: 	: 	: 	: 	: 	: 	: 	: 	: 	: 	: 	: 	: 	: 	: 	: 	: 	: 	: 	: 	: 	: 	: 	: 	: 	: 	: 	: 	: 	: z	: z	: z	: z	: 	: z	: z	: z	: 	: 	: 	: 	: 	: 	: 	: 	: 	: 	: 	: 
A,D002,MIO_VKM,LOR_RTRN,LT	: 	: 	: 	: 	: 	: 	: 	: 	: 	: 	: 	: 	: 	: 	: 	: 	: 	: 	: 	: 	2279 	: 	2244.1 	2531.8 	1877.6 	2164 	1895 	2095.2 	2560 	817 	735.7 	850.9 	1136 	1164.7 	1182.8 	1413.3 	1574.9 	2009 r	278.9 	1810.6 	1881.1 	1990.6 	: 	2466.800 	2569.400 	2357.500 	2758.400 	3218.100 	3512.800 	4143.900 	4332.100 
A,D002,MIO_VKM,LOR_RTRN,LU	: 	: 	: 	: 	: 	: 	: 	: 	: 	: 	: 	: 	: 	: 	: 	: 	: 	: 	: 	: 	: 	: 	236 	275 	: 	: 	: 	: 	: 	: 	: 	: 	: 	: 	: 	: 	: 	: 	: 	: 	: 	: 	: 	: 	: 	: 	: 	: 	: 	: 	: 
A,D002,MIO_VKM,LOR_RTRN,LV	: 	: 	: 	: 	: 	: 	: 	: 	: 	: 	: 	: 	: 	: 	: 	: 	: 	: 	: 	: 	: 	: 	: 	: 	: 	: 	: 	425 	437 	451 	455.8 	1745 	1495 	1583.1 	1750.9 	1936.9 	2281.3 	2656.9 	2674.2 	1989.79 	2027.5 	2293.7 	2448.2 	2581.500 	2689.700 	2783.600 	2846.100 	3007.900 	3063.600 	3073.900 	3133.700 
A,D002,MIO_VKM,LOR_RTRN,ME	: 	: 	: 	: 	: 	: 	: 	: 	: 	: 	: 	: 	: 	: 	: 	: 	: 	: 	: 	: 	: 	: 	: 	: 	: 	: 	: 	: 	: 	: 	: 	: 	: 	: 	: 	: 	: 	: 	: 	: 	: 	: 	: 	: 	: 	: 	352.090 e	380 	: 	: 	: 
A,D002,MIO_VKM,LOR_RTRN,MK	: 	: 	: 	: 	: 	: 	: 	: 	: 	: 	: 	: 	: 	: 	: 	: 	: 	: 	: 	: 	: 	: 	: 	: 	: 	84 	60.1 	65.3 	57 	55 	55 	172 	197 	: 	: 	653 r	660 r	560 r	450 r	666 	720 	757 	: 	625 	855 	860 	904 	964 	960 	835 	837 
A,D002,MIO_VKM,LOR_RTRN,MT	: 	: 	: 	: 	: 	: 	: 	: 	: 	: 	: 	: 	: 	: 	: 	: 	: 	: 	: 	: 	: 	: 	: 	: 	: 	: 	: 	: 	: 	: 	: 	: 	: 	: 	: 	: 	: 	: 	: 	: 	: 	: 	: 	529.060 e	557.170 e	537.230 e	509.620 e	449.226 e	521.800 	516.170 e	461 e
A,D002,MIO_VKM,LOR_RTRN,NL	: 	: 	: 	: 	: 	: 	: 	: 	: 	: 	: 	: 	: 	: 	: 	: 	: 	: 	: 	: 	: 	: 	14845 	16046 	16150 	17052 	17843 	: 	: 	: 	7280 	7480 	7228 	: 	5946 	2595 	2538 	2556 	2543 	: 	: 	: 	: 	21956 	21920 	22419 	23188 	23853 	24524 	: 	: 
A,D002,MIO_VKM,LOR_RTRN,NO	: 	: 	: 	: 	: 	: 	: 	: 	: 	: 	: 	: 	: 	: 	: 	: 	: 	: 	: 	3143 	3328 	3313 	3398 	3482 	3592 	3795 	3860 	7485 	7700 r	7838 r	7976 r	8154 	8435 	8583 	8751 r	463 	503 	581 	606 	9113 	8899 e	: 	1388 e	9193 e	9119 e	9048 e	9007 e	9102 e	9227 e	9267 e	: 
A,D002,MIO_VKM,LOR_RTRN,PL	: 	: 	: 	: 	: 	: 	: 	: 	: 	: 	: 	: 	: 	: 	: 	: 	: 	: 	: 	: 	: 	: 	: 	: 	: 	26543 	29680 	28058 	30708 	32333 	36436 	39679 	44190 	48729 	32392 	34384 	: c	: c	3842 	26969 	30111 	31517 	11032 e	31602 	: 	: 	: 	: 	: 	: 	: 
A,D002,MIO_VKM,LOR_RTRN,PT	: 	: 	: 	: 	: 	: 	: 	: 	: 	: 	: 	: 	: 	: 	: 	: 	: 	: 	: 	: 	: 	: 	37700 	33620 	37350 	39000 	5531 	5732 r	2937 	3033 	1625 	1934 	1860 	: 	: 	: 	2307 	2314 	2167 	1887 	1777 	1748 	1297 	1495.270 	2889 	2863 	2913 	2744.870 	2684.540 	2607.200 	2048.800 
A,D002,MIO_VKM,LOR_RTRN,RO	: 	: 	: 	: 	: 	: 	: 	: 	: 	: 	: 	: 	: 	: 	: 	: 	: 	: 	: 	: 	: 	: 	: 	: 	: 	: 	6667 	6658 	: 	: 	: 	: 	: 	: 	: 	: 	: 	: 	10569 	11485 	: 	: 	: 	: 	: 	: 	: 	: 	: 	: 	: 
A,D002,MIO_VKM,LOR_RTRN,SI	: 	: 	: 	: 	: 	: 	: 	: 	: 	: 	: 	: 	: 	: 	: 	: 	: 	: 	: 	: 	740 	: 	532.7 	575.5 	606.8 	399.7 	690 	742 	737 	785 	895 	919 r	971 r	1068 	1166 	: 	: 	: 	: 	: 	: 	: 	: 	: 	: 	1418 p	1644 	1675 	1740 p	: 	1890 p
A,D002,MIO_VKM,LOR_RTRN,SK	: 	: 	: 	: 	: 	: 	: 	: 	: 	: 	: 	: 	: 	: 	: 	: 	: 	: 	: 	: 	: 	: 	: 	: 	: 	932 	945 	951.1 	984 	928 	1220.1 	1135 	1042.1 	1215.2 	1170.7 	1179.2 	1087.7 	933.7 	1181.3 	1100 	1086.6 	1089.3 	1019.4 	970 	2205 	2070 	2483 	2556 	2355 	2747.700 	2567.800 
A,D002,MIO_VKM,LOR_RTRN,TR	: 	: 	: 	: 	: 	: 	: 	: 	: 	: 	: 	: 	: 	: 	: 	: 	: 	: 	: 	: 	10952 	: 	: 	: 	10558 	11252 	11951 	: 	16100 	: 	: 	: 	: 	: 	: 	: 	: 	: 	: 	: 	: 	: 	: 	: 	: 	89160 	99176 	110001 	99538 	: 	: 
A,D002,MIO_VKM,LOR_RTRN,UK	: 	: 	: 	: 	: 	: 	: 	: 	: 	: 	: 	: 	: 	: 	: 	: 	: 	: 	: 	: 	: 	: 	: 	: 	: 	: 	: 	: 	: 	: 	: 	: 	: 	: 	: 	: 	: 	: 	: 	: 	: 	: 	: 	: 	97330 	100797 	104716 	107257 	: 	116005 	106354 
A,D002,MIO_VKM,MOTO,BE	: 	: 	: 	: 	: 	: 	: 	: 	: 	: 	: 	: 	: 	: 	: 	: 	: 	: 	: 	: 	: 	: 	: 	: 	: 	: 	: 	: 	: 	: 	: 	: 	: 	: 	: 	1160 	: 	: 	1250 	: 	: 	: 	: 	: 	: 	: 	: 	: 	: 	: 	: 
A,D002,MIO_VKM,MOTO,CH	: 	: 	: 	: 	: 	: 	: 	: 	: 	: 	: 	: 	: 	: 	: 	: 	: 	: 	: 	: 	: 	: 	: 	: 	: 	: 	: 	: 	: 	: 	: 	: 	: 	: 	: 	: 	: 	: 	: 	: 	: 	: 	: 	: 	: 	: z	: 	: 	: 	: 	: 
A,D002,MIO_VKM,MOTO,CY	: 	: 	: 	: 	: 	: 	: 	: 	: 	: 	: 	: 	: 	: 	: 	: 	: 	: 	: 	: 	: 	: 	: 	: 	: 	: 	: 	: 	: 	: 	: 	: 	: 	: 	: 	: 	: 	: 	213 	: 	: 	: 	: 	: 	: 	: 	: 	: 	: 	: 	: 
A,D002,MIO_VKM,MOTO,DE	: 	: 	: 	: 	: 	: 	: 	: 	: 	: 	: 	: 	: 	: 	: 	: 	: 	: 	: 	: 	: 	: 	: 	: 	: 	: 	: 	: 	: 	: 	: 	: 	: 	: 	: 	: 	: 	: 	: 	: 	: 	: 	: 	12337 	12612 	12865 	13127 	9776 	9800 	3900 	3446 
A,D002,MIO_VKM,MOTO,DK	: 	: 	: 	: 	: 	: 	: 	: 	: 	: 	: 	: 	: 	: 	: 	: 	: 	: 	: 	: 	: 	: 	296 	305 	317 	333 	356 	385 	507 	553 	590 	610 	646 	: 	: 	: 	757 	467 	465 	: 	: 	: 	: 	450 	453 	457 	465 	472 	479 	: 	491 
A,D002,MIO_VKM,MOTO,FR	: 	: 	: 	: 	: 	: 	: 	: 	: 	: 	: 	: 	: 	: 	: 	: 	: 	: 	: 	: 	: 	: 	: 	: 	: 	: 	: 	: 	5700 	6900 	7100 	7400 	7700 	7900 	8200 	8500 	8745 	9226 	9687 	13918 	13918 	13932 	: 	13932 	13932 	11133 	11210 	11273 	11340 	11340 	9582 
A,D002,MIO_VKM,MOTO,IE	: 	: 	: 	: 	: 	: 	: 	: 	: 	: 	: 	: 	: 	: 	: 	: 	: 	: 	: 	: 	241 	: 	: 	: 	259 	: 	295 	: 	: 	: 	: 	: 	: 	: 	: 	: 	: 	: 	: 	: 	: 	: 	: 	: 	103 	102 	104 	108 	109 	114 	101 
A,D002,MIO_VKM,MOTO,IS	: 	: 	: 	: 	: 	: 	: 	: 	: 	: 	: 	: 	: 	: 	: 	: 	: 	: 	: 	: 	: 	: 	: 	: 	: 	: 	: 	0 	0 	0 	0 	0 	0 	0 	0 e	0 e	: 	: 	: 	: 	: 	: 	: 	: 	: 	: 	: 	: 	: 	: 	: 
A,D002,MIO_VKM,MOTO,IT	: 	: 	: 	: 	: 	: 	: 	: 	: 	: 	: 	: 	: 	: 	: 	: 	: 	: 	: 	: 	: 	: 	: 	: 	: 	: 	: 	: 	: 	: 	: 	: 	: 	: 	: 	: 	: 	: 	: 	: 	8855 	8979 r	8582 	: 	: 	: 	: 	: 	: 	: 	: 
A,D002,MIO_VKM,MOTO,LI	: 	: 	: 	: 	: 	: 	: 	: 	: 	: 	: 	: 	: 	: 	: 	: 	: 	: 	: 	: 	: 	: 	: 	: 	: 	: 	: 	: 	: 	: 	: 	: z	: z	: z	: z	: 	: z	: z	: z	: 	: 	: 	: 	: 	: 	: 	: 	: 	: 	: 	: 
A,D002,MIO_VKM,MOTO,LT	: 	: 	: 	: 	: 	: 	: 	: 	: 	: 	: 	: 	: 	: 	: 	: 	: 	: 	: 	: 	: 	: 	: 	: 	: 	: 	: 	: 	: 	: 	: 	: 	: 	: 	: 	: 	84.2 	102.5 	235.3 	137.8 	301.1 	237.6 	: 	277.500 	113.100 	143.200 	158 	204.800 	214.800 	: 	: 
A,D002,MIO_VKM,MOTO,LV	: 	: 	: 	: 	: 	: 	: 	: 	: 	: 	: 	: 	: 	: 	: 	: 	: 	: 	: 	: 	: 	: 	: 	: 	: 	: 	: 	: 	: 	: 	: 	: 	: 	: 	: 	: 	37.4 r	47.2 r	53.7 	58.16 	55.3 	54.6 	53.1 	55.100 	51.800 	50 	50.400 	53.400 	61.300 	57.500 	66.500 
A,D002,MIO_VKM,MOTO,ME	: 	: 	: 	: 	: 	: 	: 	: 	: 	: 	: 	: 	: 	: 	: 	: 	: 	: 	: 	: 	: 	: 	: 	: 	: 	: 	: 	: 	: 	: 	: 	: 	: 	: 	: 	: 	: 	: 	: 	: 	: 	: 	: 	: 	: 	: 	13.090 e	14 	: 	: 	: 
A,D002,MIO_VKM,MOTO,MT	: 	: 	: 	: 	: 	: 	: 	: 	: 	: 	: 	: 	: 	: 	: 	: 	: 	: 	: 	: 	: 	: 	: 	: 	: 	: 	: 	: 	: 	: 	: 	: 	: 	: 	: 	: 	: 	: 	: 	: 	: 	: 	: 	70.310 e	84.900 e	: 	0 e	: 	: 	: 	: 
A,D002,MIO_VKM,MOTO,NL	: 	: 	: 	: 	: 	: 	: 	: 	: 	: 	: 	: 	: 	: 	: 	: 	: 	: 	: 	: 	: 	: 	1010 	1273 	1760 	1279 	1381 	: 	: 	: 	: 	: 	: 	: 	: 	: 	: 	: 	: 	: 	: 	: 	: 	2210 	2166 	2127 	2136 	2153 	2167 	: 	: 
A,D002,MIO_VKM,MOTO,NO	: 	: 	: 	: 	: 	: 	: 	: 	: 	: 	: 	: 	: 	: 	: 	: 	: 	: 	: 	645 	645 	641 	641 	641 	636 	644 	676 	732 	796 	854 	891 r	926 	962 	1004 	1035 r	1057 r	1087 r	1126 r	1166 	1219 	1260 e	: 	771 e	1363 e	1395 e	1455 e	1475 e	1499 e	1496 e	1495 e	: 
A,D002,MIO_VKM,MOTO,PL	: 	: 	: 	: 	: 	: 	: 	: 	: 	: 	: 	: 	: 	: 	: 	: 	: 	: 	: 	: 	: 	: 	: 	: 	: 	: 	: 	: 	: 	: 	: 	: 	: 	: 	: 	: 	: 	: 	1248 	1197 	3118 	3544 	: 	4048 	3840 e	3666 e	: 	: 	: 	: 	: 
A,D002,MIO_VKM,MOTO,PT	: 	: 	: 	: 	: 	: 	: 	: 	: 	: 	: 	: 	: 	: 	: 	: 	: 	: 	: 	: 	: 	: 	640 	1000 	1176 	1170 	1200 	1240 	1380 	: 	: 	: 	: 	: 	: 	: 	: 	: 	: 	: 	: 	: 	: 	: 	: 	: 	: 	: 	: 	: 	: 
A,D002,MIO_VKM,MOTO,RO	: 	: 	: 	: 	: 	: 	: 	: 	: 	: 	: 	: 	: 	: 	: 	: 	: 	: 	: 	: 	: 	: 	: 	: 	: 	: 	414 	384 	: 	: 	: 	: 	: 	: 	: 	: 	: 	: 	545 	554 	: 	: 	: 	: 	: 	: 	: 	: 	: 	: 	: 
A,D002,MIO_VKM,MOTO,SI	: 	: 	: 	: 	: 	: 	: 	: 	: 	: 	: 	: 	: 	: 	: 	: 	: 	: 	: 	: 	: 	: 	13.4 	15.1 	15.9 	18.7 	23.2 	26 	31 	31 	34 	32 	33 r	37 	41 	: 	: 	: 	: 	: 	: 	: 	: 	: 	: 	227 p	200 	214 	217 p	: 	225 p
A,D002,MIO_VKM,MOTO,TR	: 	: 	: 	: 	: 	: 	: 	: 	: 	: 	: 	: 	: 	: 	: 	: 	: 	: 	: 	: 	: 	: 	: 	: 	: 	: 	: 	: 	: 	: 	: 	: 	: 	: 	: 	: 	: 	: 	: 	: 	: 	: 	: 	: 	: 	11164 	11312 	11843 	12717 	: 	: 
A,D002,MIO_VKM,TOTAL,BE	: 	: 	: 	: 	: 	: 	: 	: 	: 	: 	: 	: 	: 	: 	: 	: 	: 	: 	: 	: 	: 	: 	: 	: 	: 	: 	: 	: 	: 	: 	: 	: 	: 	: 	: 	87770 	: 	: 	91330 	: 	: 	: 	: 	: 	: 	: 	: 	: 	: 	: 	: 
A,D002,MIO_VKM,TOTAL,BG	: 	: 	: 	: 	: 	: 	: 	: 	: 	: 	: 	: 	: 	: 	: 	: 	: 	: 	: 	: 	: 	: 	: 	: 	: 	: 	: 	: 	: 	: 	: 	: 	: 	: 	: 	: 	: 	: 	: 	1483.7 	11301.9 	1434 	1479.7 	1522 	1399.800 	1432.300 	1449.800 	1449.900 	1426.600 	1129.700 	1197.500 
A,D002,MIO_VKM,TOTAL,CH	: 	: 	: 	: 	: 	: 	: 	: 	: 	: 	: 	: 	: 	: 	: 	: 	: 	: 	: 	: 	: 	: 	: 	: 	: 	: 	: 	: 	: 	: 	: 	: 	: 	: 	: 	: 	: 	: 	: 	: 	: 	: 	: 	: 	: 	: z	: 	: 	: 	: 	: 
A,D002,MIO_VKM,TOTAL,CY	: 	: 	: 	: 	: 	: 	: 	: 	: 	: 	: 	: 	: 	: 	: 	: 	: 	: 	: 	: 	: 	: 	: 	: 	: 	: 	: 	: 	: 	: 	: 	: 	: 	: 	: 	: 	: 	: 	6700.2 	: 	: 	: 	: 	: 	: 	: 	: 	: 	: 	: 	: 
A,D002,MIO_VKM,TOTAL,DE	: 	: 	: 	: 	: 	: 	: 	: 	: 	: 	: 	: 	: 	: 	: 	: 	: 	: 	: 	: 	: 	: 	: 	: 	: 	: 	: 	: 	: 	: 	: 	: 	: 	: 	: 	: 	: 	: 	: 	: 	: 	: 	: 	725704 	740529 	752266 	769150 	755909 	751100 	755000 	682925 
A,D002,MIO_VKM,TOTAL,DK	: 	: 	: 	: 	: 	: 	: 	: 	: 	: 	: 	: 	: 	: 	: 	: 	: 	: 	: 	: 	: 	: 	38358 	38117 	39197 	40599 	41812 	43161 	44394 	46024 	46384 	46541 	47572 	: 	: 	: 	45365 	46489 	46629 	: 	: 	: 	: 	46360 	47519 	48887 	50256 	51105 	51718 	: 	48652 
A,D002,MIO_VKM,TOTAL,EE	: 	: 	: 	: 	: 	: 	: 	: 	: 	: 	: 	: 	: 	: 	: 	: 	: 	: 	: 	: 	: 	: 	: 	: 	: 	: 	: 	4313 	4220.9 	4241.7 	4268.3 	6537.9 	6842.7 	: 	: 	: 	: 	: 	: 	: 	: 	: 	: 	: 	: 	: 	: 	: 	: 	: 	: 
A,D002,MIO_VKM,TOTAL,FR	: 	: 	: 	: 	: 	: 	: 	: 	: 	: 	: 	: 	: 	: 	: 	: 	: 	: 	: 	: 	: 	: 	: 	: 	: 	: 	: 	: 	: 	: 	: 	: 	: 	: 	: 	: 	434522 	437911 	432742 	518178 	525185 	529543 	528571 	532072 	534849 	564386 	573861 	576967 	576081 	571048 	478129 
A,D002,MIO_VKM,TOTAL,HR	: 	: 	: 	: 	: 	: 	: 	: 	: 	: 	: 	: 	: 	: 	: 	: 	: 	: 	: 	: 	: 	: 	: 	: 	: 	: 	: 	: 	13200 r	14291 r	13847 r	: 	: 	: 	: 	: 	: 	: 	: 	: 	: 	: 	: 	: 	: 	: 	: 	: 	: 	: 	: 
A,D002,MIO_VKM,TOTAL,IE	: 	: 	: 	: 	: 	: 	: 	: 	: 	: 	: 	: 	: 	: 	: 	: 	: 	: 	: 	: 	24446 	: 	: 	: 	25730 	: 	34532 	: 	: 	: 	: 	: 	: 	: 	: 	: 	: 	: 	: 	: 	: 	: 	: 	: 	42738 	44835 	46836 	47795 	47545 	47072 	36237 
A,D002,MIO_VKM,TOTAL,IS	: 	: 	: 	: 	: 	: 	: 	: 	: 	: 	: 	: 	: 	: 	: 	: 	: 	: 	: 	: 	: 	: 	: 	: 	: 	: 	: 	1964 	2081 	2200 	2211 r	2425 r	2493 r	2565 r	2649 r	2831 e	: 	: 	: 	: 	: 	: 	: 	: 	: 	: 	: 	: 	: 	: 	: 
A,D002,MIO_VKM,TOTAL,IT	: 	: 	: 	: 	: 	: 	: 	: 	: 	: 	: 	: 	: 	: 	: 	: 	: 	: 	: 	: 	: 	: 	: 	: 	: 	: 	: 	: 	: 	: 	: 	: 	: 	: 	: 	: 	: 	: 	: 	: 	51218 	51760 	51293 	: 	: 	: 	: 	: 	: 	: 	: 
A,D002,MIO_VKM,TOTAL,LI	: 	: 	: 	: 	: 	: 	: 	: 	: 	: 	: 	: 	: 	: 	: 	: 	: 	: 	: 	: 	: 	: 	: 	: 	: 	: 	: 	: 	: 	: 	: 	: z	: z	: z	: z	: 	: z	: z	: z	: 	: 	: 	: 	: 	: 	: 	: 	: 	: 	: 	: 
A,D002,MIO_VKM,TOTAL,LT	: 	: 	: 	: 	: 	: 	: 	: 	: 	: 	: 	: 	: 	: 	: 	: 	: 	: 	: 	: 	: 	: 	: 	: 	: 	: 	: 	: 	: 	: 	: 	: 	: 	: 	14363.3 	18632 	20921.6 	21071.3 r	21583.3 r	20252 	17408.4 	18433.3 	: 	20787.200 	16028.200 	15952.500 	17228.800 	20515.100 	21480.700 	: 	: 
A,D002,MIO_VKM,TOTAL,LV	: 	: 	: 	: 	: 	: 	: 	: 	: 	: 	: 	: 	: 	: 	: 	: 	: 	: 	: 	: 	: 	: 	: 	: 	: 	: 	: 	: 	: 	: 	: 	8393 	8029.6 	8666.3 	9493.9 	10185.1 	12088.4 r	14099 r	12966.9 	11149.39 	10913.7 	10697 	10969.5 	11251.800 	11991.200 	12735.300 	13055.200 	13992.100 	14247.900 	14419 	13930.800 
A,D002,MIO_VKM,TOTAL,ME	: 	: 	: 	: 	: 	: 	: 	: 	: 	: 	: 	: 	: 	: 	: 	: 	: 	: 	: 	: 	: 	: 	: 	: 	: 	: 	: 	: 	: 	: 	: 	: 	: 	: 	: 	: 	: 	: 	: 	: 	: 	: 	: 	: 	: 	: 	1917.780 e	2016 e	: 	: 	: 
A,D002,MIO_VKM,TOTAL,MK	: 	: 	: 	: 	: 	: 	: 	: 	: 	: 	: 	: 	: 	: 	: 	: 	: 	: 	: 	: 	: 	: 	: 	: 	: 	123 	97.7 	65.3 	111 	93 	101 	209 	235 	: 	: 	690 r	694 r	596 	486 r	700 	760 	802 	: 	3846.182 	4312.539 	4421 	4534 	4833 	4800 	4793.150 	4747.686 
A,D002,MIO_VKM,TOTAL,MT	: 	: 	: 	: 	: 	: 	: 	: 	: 	: 	: 	: 	: 	: 	: 	: 	: 	: 	: 	: 	: 	: 	: 	: 	: 	: 	: 	: 	: 	: 	: 	: 	: 	: 	: 	: 	: 	: 	: 	: 	: 	: 	: 	2920.850 e	3191.560 e	3174.290 e	2767.710 e	2853 e	2999.680 	3006 e	2403.900 
A,D002,MIO_VKM,TOTAL,NL	: 	: 	: 	: 	: 	: 	: 	: 	: 	: 	: 	: 	: 	: 	: 	: 	: 	: 	: 	: 	: 	: 	96865 	100331 	104386 	105417 	106127 	183200 	182800 	186600 	186600 	187600 	: 	: 	: 	: 	: 	: 	: 	: 	: 	: 	: 	125554 	125707 	127381 	130715 	132645 	134585 	: 	: 
A,D002,MIO_VKM,TOTAL,NO	: 	: 	: 	: 	: 	: 	: 	: 	: 	: 	: 	: 	: 	: 	: 	: 	: 	: 	26888 	27296 	27522 	27425 	27495 	27886 	28129 	29133 	30261 	33016 r	34073 r	34754 r	35345 r	36193 	37279 	37950 	38709 r	39716 r	40391 r	41643 r	42184 	42395 	43297 e	: 	44727 e	44724 e	44582 e	45153 e	45543 e	46620 e	46925 e	46487 e	: 
A,D002,MIO_VKM,TOTAL,PL	: 	: 	: 	: 	: 	: 	: 	: 	: 	: 	: 	: 	: 	: 	: 	: 	: 	: 	: 	: 	: 	: 	: 	: 	: 	28580 	31747 	30062 	32689 	34286 	38359 	41644 	46182.8 	50716.2 	34353 	36415 	: c	: c	168662 	176397 	187979 	195864 	195642 e	199818 	: 	: 	: 	: 	: 	: 	: 
A,D002,MIO_VKM,TOTAL,PT	: 	: 	: 	: 	: 	: 	: 	: 	: 	: 	: 	: 	: 	: 	: 	: 	: 	: 	: 	: 	: 	: 	69275 	68430 	75191 	79290 	48731 	49132 	52260 	: 	: 	: 	: 	: 	: 	: 	: 	: 	: 	: 	: 	: 	: 	: 	: 	: 	: 	: 	: 	: 	: 
A,D002,MIO_VKM,TOTAL,RO	: 	: 	: 	: 	: 	: 	: 	: 	: 	: 	: 	: 	: 	: 	: 	: 	: 	: 	: 	: 	: 	: 	: 	: 	: 	: 	: 	: 	: 	: 	: 	: 	: 	: 	: 	: 	: 	: 	47593 	51752 	: 	: 	: 	: 	: 	: 	: 	: 	: 	: 	: 
A,D002,MIO_VKM,TOTAL,SI	: 	: 	: 	: 	: 	: 	: 	: 	: 	: 	: 	: 	: 	: 	: 	: 	: 	: 	: 	: 	: 	: 	4961.9 	5481.8 	5934.3 	6149.4 	7041 	7487 	7513 	8005 	8213 	8607 r	8898 r	9274 	9743 	: 	: 	: 	: 	: 	: 	: 	: 	: 	: 	17982 p	17811 	18457 	18907 p	: 	18760 p
A,D002,MIO_VKM,TOTAL,SK	: 	: 	: 	: 	: 	: 	: 	: 	: 	: 	: 	: 	: 	: 	: 	: 	: 	: 	: 	: 	: 	: 	: 	: 	: 	: 	1370 	1396.2 	1340 	1238 	1610.3 	1484.2 	1387 	1568.8 	1523.9 	1515.7 	1426.7 	1272.7 	1516.3 	1417.2 	1400.2 	1390.3 	1319.4 	1265 	2479 	2367 	2780 	2866 	2675 	3081.500 	2846.800 
A,D002,MIO_VKM,TOTAL,TR	: 	: 	: 	: 	: 	: 	: 	: 	: 	: 	: 	: 	: 	: 	: 	: 	: 	: 	: 	: 	: 	: 	: 	: 	: 	: 	: 	: 	: 	: 	: 	: 	: 	: 	: 	: 	: 	: 	: 	: 	: 	: 	: 	: 	: 	251006 	280993 	304207 	306926 	: 	: 
A,D002,MIO_VKM,TOTAL,UK	: 	: 	: 	: 	: 	: 	: 	: 	: 	: 	: 	: 	: 	: 	: 	: 	: 	: 	: 	: 	: 	: 	: 	: 	: 	430865 	442461 	448890 	: 	: 	: 	: 	: 	: 	: 	: 	: 	: 	: 	: 	: 	: 	: 	: 	499519 	507223 	517199 	524213 	: 	571689 	449627 
